state_region,constituency,voters_elig,votes_total,valid_total,turnout,88 Generation Democracy,Akha National Development Party,All Mon Regions Democracy Party,All Nationals' Democracy (A.N.D) Party Kayah State,Arakan National Party,Arakan Patriot Party,Asho Chin National Party,Chin League for Democracy,Chin National Democratic Party,Chin Progressive Party,Confederate Farmers Party (CFP),Danu National Democracy Party,Danu National Organisation Party,Dawei Nationality Party,Democracy and Peace Party,Democracy Party for Myanmar New Society,Democratic Party (Myanmar),Democratic Party for A New Society,Eastern Shan State Development Democratic Party,Federal Union Party (FUP),Guiding Star Party,Individual,Individual 2,Individual 3,Individual 4,Inn National Development Party,Inn National League Party,Ka Man National Development Party,Kachin Democratic Party,Kachin State Democracy Party,Karen National Party,Kayah Unity Democracy Party (K.U.D.P),Kayan National Party,Kayin Democratic Party,Kayin People Party,Khami National Development Party,Khumi (Khami) National Party,Kokang Democracy and Unity Party,La Hu National Development Party,Lhaovo National Unity and Development Party (LNUDP),Lisu National Development Party (L.N.D.P),Modern People Party,Mon National Party,Mro National Democracy Party (M.N.D.P),Mro National Development Party (MNDP),Myanmar Farmer Development Party,Myanmar National Congress Party,National Democratic Force (NDF),National Democratic Party for Development (NDPD),National Development Party,National League for Democracy (NLD),National Prosperity Party,National Unity Congress Party,National Unity Party (NUP),"Negotiation, Stability and Peace Party (N.S.P.P)",New Era Union Party,New National Democracy Party,New Society Party,Pao National Organisation (PNO),Peace for Diversity Party,People's Party of Myanmar Farmers and Workers,People Democracy Party,Phlone-Sqaw Democratic Party,Public Contribute Students Democracy Party,Rakhine State National United Party,Shan-Ni & Northern Shan Ethnics Solidarity Party (S.N.S.P),Shan Nationalities Democratic Party (SNDP),Shan Nationalities League for Democracy (SNLD),Shan State Kokang Democratic Party,Ta-Arng Palaung National Party,Tai-Leng Nationalities Development Party (T.N.D.P),The 88 Generation Students Youth (Union of Myanmar),The Kachin National Congress for Democracy,The Union of Myanmar Federation of National Politic,Union Democratic Party,Union Farmer Force Party,Union Pao National Organisation,Union Solidarity and Development Party (USDP),United Democratic Party (UDP),Unity and Democracy Party of Kachin State (UDPKS),Wa Democratic Party,Wa National Unity Party,Women Party (Mon),Zo National Region Development Party,Zomi Congress for Democracy
Kachin State,Myitkyina,178579,121899,105641,68.26%,0,0,0,0,0,0,0,0,0,0,0,0,0,0,0,0,0,0,0,0,0,0,0,0,0,0,0,0,3860,6910,0,0,0,0,0,0,0,0,0,1210,4236,0,0,0,0,0,0,2788,0,0,48961,0,0,2605,0,0,0,0,0,0,0,0,0,0,0,0,2041,0,0,0,3653,0,1937,640,0,0,0,26800,0,0,0,0,0,0,0
Kachin State,Waingmaw,64069,42514,38921,66.36%,0,0,0,0,0,0,0,0,0,0,0,0,0,0,0,0,0,0,0,0,0,0,0,0,0,0,0,0,1431,2421,0,0,0,0,0,0,0,0,0,1917,0,0,0,0,0,0,0,615,0,0,11978,0,0,3974,0,0,0,0,0,0,0,0,0,0,0,0,1993,2880,0,0,1141,0,2186,0,0,0,0,8485,0,0,0,0,0,0,0
Kachin State,Tanai,27312,15265,14234,55.89%,0,0,0,0,0,0,0,0,0,0,0,0,0,0,0,0,0,0,0,0,0,0,0,0,0,0,0,0,303,1002,0,0,0,0,0,0,0,0,0,0,1791,0,0,0,0,0,0,302,0,0,5076,0,0,430,0,0,0,0,0,0,0,0,0,0,0,0,0,0,0,0,0,0,443,0,0,0,0,4887,0,0,0,0,0,0,0
Kachin State,Chipwi,11149,8678,7684,77.84%,0,0,0,0,0,0,0,0,0,0,0,0,0,0,0,0,0,0,0,0,0,0,0,0,0,0,0,0,262,158,0,0,0,0,0,0,0,0,0,250,1125,0,0,0,0,0,0,147,0,0,776,0,0,376,0,0,0,0,0,0,0,0,0,0,0,0,0,0,0,0,0,0,144,0,0,0,0,4446,0,0,0,0,0,0,0
Kachin State,Tsawlaw,3841,2906,2664,75.66%,0,0,0,0,0,0,0,0,0,0,0,0,0,0,0,0,0,0,0,0,0,0,0,0,0,0,0,0,0,0,0,0,0,0,0,0,0,0,0,275,897,0,0,0,0,0,0,22,0,0,640,0,0,0,0,0,0,0,0,0,0,0,0,0,0,0,0,0,0,0,0,0,0,0,0,0,0,830,0,0,0,0,0,0,0
Kachin State,Injangyang,1408,1038,916,73.72%,0,0,0,0,0,0,0,0,0,0,0,0,0,0,0,0,0,0,0,0,0,0,0,0,0,0,0,0,0,439,0,0,0,0,0,0,0,0,0,0,0,0,0,0,0,0,0,27,0,0,128,0,0,19,0,0,0,0,0,0,0,0,0,0,0,0,0,0,0,0,0,0,64,0,0,0,0,0,0,239,0,0,0,0,0
Kachin State,Mohnyin,142306,93414,88714,65.64%,0,0,0,0,0,0,0,0,0,0,0,0,0,0,0,0,0,0,0,0,0,0,0,0,0,0,0,0,0,0,0,0,0,0,0,0,0,0,0,0,0,0,0,0,0,0,0,2054,0,0,50410,0,0,0,0,0,0,0,0,0,0,0,0,0,0,0,3136,0,0,0,10598,0,0,0,0,0,0,22516,0,0,0,0,0,0,0
Kachin State,Mogaung,87290,54848,51937,62.83%,0,0,0,0,0,0,0,0,0,0,0,0,0,0,0,0,0,0,0,0,0,0,0,0,0,0,0,0,0,4016,0,0,0,0,0,0,0,0,0,0,0,0,0,0,0,0,0,1570,0,0,24048,0,0,0,0,0,0,0,0,0,0,0,0,0,0,0,2978,0,0,0,3102,0,0,0,0,0,0,16223,0,0,0,0,0,0,0
Kachin State,Hpakant,89488,56335,52782,62.95%,0,0,0,0,0,0,0,0,0,0,0,0,0,0,0,0,0,0,0,0,0,0,0,0,0,0,0,0,0,5206,0,0,0,0,0,0,0,0,0,0,0,0,0,0,0,0,0,2548,0,0,30350,0,0,0,0,0,0,0,0,0,0,0,0,0,0,0,0,0,0,0,3102,0,3907,0,0,0,0,7669,0,0,0,0,0,0,0
Kachin State,Bhamo,84229,62460,57888,74.15%,0,0,0,0,0,0,0,0,0,0,0,0,0,0,0,0,0,0,0,0,0,0,0,0,0,0,0,0,0,1545,0,0,0,0,0,0,0,0,0,0,0,0,0,0,0,0,0,671,0,1265,29042,0,0,2691,0,0,0,0,0,0,0,0,0,0,0,0,4206,0,0,0,2215,0,731,0,0,0,0,15522,0,0,0,0,0,0,0
Kachin State,Momauk,42403,28478,26303,67.16%,0,0,0,0,0,0,0,0,0,0,0,0,0,0,0,0,0,0,0,0,0,0,0,0,0,0,0,0,0,1950,0,0,0,0,0,0,0,0,0,0,0,0,0,0,0,0,0,0,0,0,8631,0,0,751,0,0,0,0,0,0,0,0,0,0,0,0,3281,3882,0,0,1023,0,1906,0,0,0,0,4879,0,0,0,0,0,0,0
Kachin State,Mansi,32340,24814,22154,76.73%,0,0,0,0,0,0,0,0,0,0,0,0,0,0,0,0,0,0,0,0,0,0,0,0,0,0,0,0,236,1434,0,0,0,0,0,0,0,0,0,0,0,0,0,0,0,0,0,0,0,0,6697,0,0,601,0,0,0,0,0,0,0,0,0,0,0,0,2388,4332,0,0,1116,0,0,0,0,0,0,5350,0,0,0,0,0,0,0
Kachin State,Shwegu,54065,42319,39509,78.27%,0,0,0,0,0,0,0,0,0,0,0,0,0,0,0,0,0,0,0,0,0,911,0,0,0,0,0,0,0,1812,0,0,0,0,0,0,0,0,0,0,0,0,0,0,0,0,0,736,0,0,22054,0,0,1641,0,0,0,0,0,0,0,0,0,0,0,0,811,0,0,0,0,0,0,0,0,0,0,11238,306,0,0,0,0,0,0
Kachin State,Puta-O,39936,28999,24936,72.61%,0,0,0,0,0,0,0,0,0,0,0,0,0,0,0,0,0,0,0,0,0,0,0,0,0,0,0,0,4468,0,0,0,0,0,0,0,0,0,0,0,3125,0,0,0,0,0,0,421,0,0,11529,0,0,1328,0,0,0,0,0,0,0,0,0,0,0,0,0,0,0,0,0,0,0,0,0,0,0,4065,0,0,0,0,0,0,0
Kachin State,Machanbaw,5568,4807,4108,86.33%,0,0,0,0,0,0,0,0,0,0,0,0,0,0,0,0,0,0,0,0,0,0,0,0,0,0,0,0,388,469,0,0,0,0,0,0,0,0,0,0,0,0,0,0,0,0,0,44,0,0,1262,0,0,510,0,0,0,0,0,0,0,0,0,0,0,0,0,0,0,0,0,0,0,0,0,0,0,1435,0,0,0,0,0,0,0
Kachin State,Nawngmun,4090,3496,3336,85.48%,0,0,0,0,0,0,0,0,0,0,0,0,0,0,0,0,0,0,0,0,0,0,0,0,0,0,0,0,0,0,0,0,0,0,0,0,0,0,0,0,0,0,0,0,0,0,0,113,0,0,1358,0,0,0,0,0,0,0,0,0,0,0,0,0,0,0,0,0,0,0,0,0,0,0,0,0,0,1865,0,0,0,0,0,0,0
Kachin State,Sumprabum,1934,1341,1269,69.34%,0,0,0,0,0,0,0,0,0,0,0,0,0,0,0,0,0,0,0,0,0,0,0,0,0,0,0,0,134,320,0,0,0,0,0,0,0,0,0,0,0,0,0,0,0,0,0,0,0,0,435,0,0,0,0,0,0,0,0,0,0,0,0,0,0,0,0,0,0,0,0,0,31,0,0,0,0,349,0,0,0,0,0,0,0
Kachin State,Khaunglanhpu,7574,6032,5672,79.64%,0,0,0,0,0,0,0,0,0,0,0,0,0,0,0,0,0,0,0,0,0,0,0,0,0,0,0,0,0,0,0,0,0,0,0,0,0,0,0,0,1973,0,0,0,0,0,0,0,0,0,1339,0,0,266,0,0,0,0,0,0,0,0,0,0,0,0,0,0,0,0,0,0,195,0,0,0,0,1899,0,0,0,0,0,0,0
Kayah State,Loikaw,84172,62558,58110,74.32%,0,0,0,1196,0,0,0,0,0,0,0,0,0,0,0,0,0,0,0,0,0,495,0,0,0,0,0,0,0,0,0,1840,1346,0,0,0,0,0,0,0,0,0,0,0,0,0,0,0,0,1154,33344,0,0,2247,0,0,0,0,0,0,0,0,0,0,0,0,0,745,0,0,0,0,0,0,0,0,0,15743,0,0,0,0,0,0,0
Kayah State,Demoso,49247,37809,34313,76.77%,0,0,0,1857,0,0,0,0,0,0,0,0,0,0,0,0,0,0,0,0,0,0,0,0,0,0,0,0,0,0,0,1068,3315,0,0,0,0,0,0,0,0,0,0,0,0,0,0,0,0,1454,19631,0,0,0,0,0,0,0,0,0,0,0,0,0,0,0,0,465,0,0,0,0,0,0,0,0,0,6523,0,0,0,0,0,0,0
Kayah State,Hpruso,17386,13087,11334,75.27%,0,0,0,1776,0,0,0,0,0,0,0,0,0,0,0,0,0,0,0,0,0,0,0,0,0,0,0,0,0,0,0,0,0,0,0,0,0,0,0,0,0,0,0,0,0,0,0,0,0,436,6363,0,0,398,0,0,0,0,0,0,0,0,0,0,0,0,0,0,0,0,0,0,0,0,0,0,0,2361,0,0,0,0,0,0,0
Kayah State,Shadaw,4256,3210,2791,75.42%,0,0,0,158,0,0,0,0,0,0,0,0,0,0,0,0,0,0,0,0,0,0,0,0,0,0,0,0,0,0,0,191,0,0,0,0,0,0,0,0,0,0,0,0,0,0,0,0,0,42,1575,0,0,0,0,0,0,0,0,0,0,0,0,0,0,0,71,0,0,0,0,0,0,0,0,0,0,754,0,0,0,0,0,0,0
Kayah State,Bawlake,6802,5960,5582,87.62%,0,0,0,0,0,0,0,0,0,0,0,0,0,0,0,0,0,0,0,0,0,0,0,0,0,0,0,0,0,0,0,402,0,0,0,0,0,0,0,0,0,0,0,0,0,0,0,0,0,0,1404,0,0,786,0,0,0,0,0,0,0,0,0,0,0,0,133,114,0,0,0,0,0,0,0,0,0,2743,0,0,0,0,0,0,0
Kayah State,Hpasawng,12469,6266,5638,50.25%,0,0,0,436,0,0,0,0,0,0,0,0,0,0,0,0,0,0,0,0,0,0,0,0,0,0,0,0,0,0,0,0,0,0,0,0,0,0,0,0,0,0,0,0,0,0,0,0,0,169,2471,0,0,352,0,0,0,0,0,0,0,0,0,0,0,0,165,0,0,0,0,0,0,0,0,0,0,2045,0,0,0,0,0,0,0
Kayah State,Mese,3984,3191,2802,80.10%,0,0,0,203,0,0,0,0,0,0,0,0,0,0,0,0,0,0,0,0,0,0,0,0,0,0,0,0,0,0,0,0,0,0,0,0,0,0,0,0,0,0,0,0,0,0,0,0,0,92,1616,0,0,0,0,0,0,0,0,0,0,0,0,0,0,0,59,22,0,0,0,0,0,0,0,0,0,810,0,0,0,0,0,0,0
Kayin State,Hpa-An,327791,156146,145523,47.64%,0,0,0,0,0,0,0,0,0,0,0,0,0,0,0,0,0,1125,0,0,0,0,0,0,0,0,0,0,0,0,0,0,0,6352,0,0,0,0,0,0,0,0,8257,0,0,0,0,2038,0,4184,71281,0,0,3366,0,0,0,0,0,0,0,0,13928,0,0,0,0,0,0,0,0,0,0,0,0,0,0,34992,0,0,0,0,0,0,0
Kayin State,Hlaingbwe,186079,75997,68782,40.84%,0,0,0,0,0,0,0,0,0,0,0,0,0,0,0,0,0,0,0,0,0,0,0,0,0,0,0,0,0,0,0,0,0,5597,0,0,0,0,0,0,0,0,0,0,0,0,0,828,0,5149,31290,0,0,2060,0,0,0,0,0,0,0,0,6736,0,0,0,0,0,0,0,0,0,0,0,0,0,0,17122,0,0,0,0,0,0,0
Kayin State,Hpapun,17998,11333,10551,62.97%,0,0,0,0,0,0,0,0,0,0,0,0,0,0,0,0,0,0,0,0,0,0,0,0,0,0,0,0,0,0,0,0,0,0,130,0,0,0,0,0,0,0,0,0,0,0,0,0,0,928,3988,0,0,0,0,0,0,0,0,0,0,0,274,0,0,0,0,0,0,0,0,0,0,0,0,0,0,5231,0,0,0,0,0,0,0
Kayin State,Thandaunggyi,53649,38061,33879,70.94%,0,0,0,0,0,0,0,0,0,0,0,0,0,0,0,0,0,0,0,0,0,0,0,0,0,0,0,0,0,0,2982,0,0,0,11004,0,0,0,0,0,0,0,0,0,0,0,0,0,0,0,13247,0,0,0,0,0,0,0,0,0,0,0,0,0,0,0,0,0,0,0,0,0,0,0,0,0,0,6646,0,0,0,0,0,0,0
Kayin State,Myawaddy,89101,44601,39723,50.06%,0,0,0,0,0,0,0,0,0,0,0,0,0,0,0,0,0,0,0,0,0,0,0,0,0,0,0,0,0,0,0,0,0,423,1820,0,0,0,0,0,0,0,1170,0,0,0,0,774,0,1222,21738,0,0,0,0,0,0,0,0,0,0,0,1471,0,0,0,0,0,0,0,0,0,0,435,0,0,0,10670,0,0,0,0,0,0,0
Kayin State,Kawkareik,163757,67943,61202,41.49%,0,0,3496,0,0,0,0,0,0,0,0,0,0,0,0,0,0,0,0,0,0,0,0,0,0,0,0,0,0,0,0,0,0,0,0,0,0,0,0,0,0,0,6070,0,0,0,0,1153,0,3700,21728,0,0,0,0,0,0,0,0,0,0,0,7727,0,0,0,0,0,0,0,0,0,0,0,0,0,0,17328,0,0,0,0,0,0,0
Kayin State,Kyainseikgyi,66598,28837,26565,43.30%,0,0,0,0,0,0,0,0,0,0,0,0,0,0,0,0,0,0,0,0,0,0,0,0,0,0,0,0,0,0,0,0,0,0,0,0,0,0,0,0,0,0,2895,0,0,0,0,624,0,485,11551,0,0,0,0,0,0,0,0,0,0,0,2107,0,0,0,0,0,0,0,0,0,0,0,0,0,0,8903,0,0,0,0,0,0,0
Chin State,Falam,31027,23010,22181,74.16%,0,0,0,0,0,0,0,0,1288,2119,0,0,0,0,0,0,0,0,0,0,0,578,0,0,0,0,0,0,0,0,0,0,0,0,0,0,0,0,0,0,0,0,0,0,0,0,0,0,0,0,13487,0,0,0,0,0,0,0,0,0,0,0,0,0,0,0,0,0,0,0,0,0,0,0,0,0,0,4709,0,0,0,0,0,0,0
Chin State,Hakha,29211,21140,20269,72.37%,0,0,0,0,0,0,0,1351,5160,0,0,0,0,0,0,0,0,0,0,0,0,0,0,0,0,0,0,0,0,0,0,0,0,0,0,0,0,0,0,0,0,0,0,0,0,0,0,0,0,0,10605,0,0,0,0,0,0,0,0,0,0,0,0,0,0,0,0,0,0,0,0,0,0,0,0,0,0,3153,0,0,0,0,0,0,0
Chin State,Thantlang,27902,23621,22557,84.66%,0,0,0,0,0,0,0,1270,5693,0,0,0,0,0,0,0,0,0,0,0,0,0,0,0,0,0,0,0,0,0,0,0,0,0,0,0,0,0,0,0,0,0,0,0,0,0,0,0,0,0,8746,0,0,0,0,0,0,0,0,0,0,0,0,0,0,0,0,0,0,0,0,0,0,0,0,0,0,6848,0,0,0,0,0,0,0
Chin State,Tedim,45813,35030,32973,76.46%,0,0,0,0,0,0,0,4026,2058,860,0,0,0,0,0,0,0,0,0,0,0,0,0,0,0,0,0,0,0,0,0,0,0,0,0,0,0,0,0,0,0,0,0,0,0,0,0,0,0,0,0,0,0,823,0,0,0,0,0,0,0,0,0,0,0,0,0,0,0,0,0,0,0,0,0,0,0,10239,0,0,0,0,0,0,14967
Chin State,Tonzang,15916,12332,11916,77.48%,0,0,0,0,0,0,0,0,1025,0,0,0,0,0,0,0,0,0,0,0,0,0,0,0,0,0,0,0,0,0,0,0,0,0,0,0,0,0,0,0,0,0,0,0,0,0,0,0,0,0,3702,0,0,0,0,0,0,0,0,0,0,0,0,0,0,0,0,0,0,0,0,0,0,0,0,0,0,2420,0,0,0,0,0,541,4228
Chin State,Mindat,25885,19909,18833,76.91%,0,0,0,0,0,0,0,1071,3364,0,0,0,0,0,0,0,0,0,0,0,0,0,0,0,0,0,0,0,0,0,0,0,0,0,0,0,0,0,0,0,0,0,0,0,0,0,0,0,0,0,8206,0,0,0,0,0,0,0,0,0,0,0,0,0,0,0,0,0,0,0,0,0,0,0,0,0,0,6192,0,0,0,0,0,0,0
Chin State,Matupi,31762,25496,24457,80.27%,0,0,0,0,0,0,0,6763,1849,0,0,0,0,0,0,0,0,0,0,0,0,0,0,0,0,0,0,0,0,0,0,0,0,0,0,0,0,0,0,0,0,0,0,0,0,0,0,0,0,0,8481,0,0,364,0,0,0,0,0,0,0,0,0,0,0,0,0,0,0,0,0,0,0,0,0,0,0,7000,0,0,0,0,0,0,0
Chin State,Kanpetlet,11484,9663,9184,84.14%,0,0,0,0,0,0,0,750,1515,0,0,0,0,0,0,0,0,0,0,0,0,0,0,0,0,0,0,0,0,0,0,0,0,0,0,0,0,0,0,0,0,0,0,0,0,0,0,0,0,0,3484,0,0,0,0,0,0,0,0,0,0,0,0,0,0,0,0,0,0,0,0,0,0,0,0,0,0,3435,0,0,0,0,0,0,0
Chin State,Paletwa,55328,47305,44640,85.50%,0,0,0,0,7261,0,0,0,1685,1994,0,0,0,0,0,0,0,0,0,0,0,0,0,0,0,0,0,0,0,0,0,0,0,0,0,0,5694,0,0,0,0,0,0,0,0,0,0,0,0,0,21215,0,0,638,0,0,0,0,0,0,0,0,0,0,0,0,0,0,0,0,0,0,0,0,0,0,0,5360,793,0,0,0,0,0,0
Sagaing Region,Sagaing,221336,168618,161039,76.18%,0,0,0,0,0,0,0,0,0,0,0,0,0,0,0,0,0,0,0,0,0,0,0,0,0,0,0,0,0,0,0,0,0,0,0,0,0,0,0,0,0,0,0,0,0,1623,0,0,0,0,113202,0,0,0,0,0,0,0,0,366,0,0,0,0,0,0,0,0,0,0,0,2569,0,0,0,0,0,43279,0,0,0,0,0,0,0
Sagaing Region,Myinmu,85966,64384,61268,74.89%,0,0,0,0,0,0,0,0,0,0,0,0,0,0,0,0,0,0,0,0,0,0,0,0,0,0,0,0,0,0,0,0,0,0,0,0,0,0,0,0,0,0,0,0,0,0,0,0,0,0,43724,0,0,3362,0,0,0,0,0,0,0,0,0,0,0,0,0,0,0,0,0,0,0,0,0,0,0,14182,0,0,0,0,0,0,0
Sagaing Region,Myaung,81693,65914,62798,80.69%,0,0,0,0,0,0,0,0,0,0,0,0,0,0,0,0,0,0,0,0,0,0,0,0,0,0,0,0,0,0,0,0,0,0,0,0,0,0,0,0,0,0,0,0,0,1337,0,0,0,0,48665,0,0,0,0,0,0,0,0,0,0,0,0,0,0,0,0,0,0,0,0,0,0,0,0,0,0,12796,0,0,0,0,0,0,0
Sagaing Region,Shwebo,208016,144583,136905,69.51%,0,0,0,0,0,0,0,0,0,0,0,0,0,0,0,0,0,0,0,0,0,854,0,0,0,0,0,0,0,0,0,0,0,0,0,0,0,0,0,0,0,0,0,0,0,0,0,0,0,3749,99758,0,0,1555,0,0,0,2179,0,0,0,0,0,0,0,0,0,0,0,0,0,0,0,0,0,0,0,28810,0,0,0,0,0,0,0
Sagaing Region,Khin-U,113384,83345,78747,73.51%,0,0,0,0,0,0,0,0,0,0,0,0,0,0,0,0,0,0,0,0,0,0,0,0,0,0,0,0,0,0,0,0,0,0,0,0,0,0,0,0,0,0,0,0,0,1626,0,0,0,1697,55489,0,0,0,0,0,0,0,0,0,0,0,0,0,0,0,0,0,0,0,0,0,0,0,0,0,0,19935,0,0,0,0,0,0,0
Sagaing Region,Wetlet,175890,115414,109553,65.62%,0,0,0,0,0,0,0,0,0,0,0,0,0,0,0,0,0,0,0,0,0,0,0,0,0,0,0,0,0,0,0,0,0,0,0,0,0,0,0,0,0,0,0,0,0,0,0,0,0,2193,86819,0,0,0,0,0,0,0,0,0,0,0,0,0,0,0,0,0,0,0,0,0,0,0,0,0,0,20541,0,0,0,0,0,0,0
Sagaing Region,Kanbalu,202694,145786,138042,71.92%,0,0,0,0,0,0,0,0,0,0,0,0,0,0,0,0,0,0,0,0,0,0,0,0,0,0,0,0,0,0,0,0,0,0,0,0,0,0,0,0,0,0,0,0,0,0,0,0,0,3555,80345,0,0,3856,0,0,0,0,0,0,0,0,0,0,0,0,0,0,0,0,0,0,0,0,0,0,0,48353,1933,0,0,0,0,0,0
Sagaing Region,Kyunhla,66454,50747,48331,76.36%,0,0,0,0,0,0,0,0,0,0,0,0,0,0,0,0,0,0,0,0,0,2258,0,0,0,0,0,0,0,0,0,0,0,0,0,0,0,0,0,0,0,0,0,0,0,0,0,0,0,0,33828,0,0,996,0,0,0,0,0,0,0,0,0,0,0,0,0,0,0,0,0,0,0,0,0,0,0,10512,237,0,0,0,0,0,0
Sagaing Region,Ye-U,97582,73113,69971,74.92%,0,0,0,0,0,0,0,0,0,0,0,0,0,0,0,0,0,0,0,0,0,0,0,0,0,0,0,0,0,0,0,0,0,0,0,0,0,0,0,0,0,0,0,0,0,621,0,0,0,0,47468,0,0,2284,0,0,0,0,0,0,0,0,0,0,0,0,0,0,0,0,0,0,0,0,0,0,0,19265,333,0,0,0,0,0,0
Sagaing Region,Tabayin,115560,84955,80520,73.52%,0,0,0,0,0,0,0,0,0,0,0,0,0,0,0,0,0,0,0,0,0,0,0,0,0,0,0,0,0,0,0,0,0,0,0,0,0,0,0,0,0,0,0,0,0,413,0,0,0,435,61472,0,0,539,0,0,0,0,0,0,0,0,0,0,0,0,0,0,0,0,0,0,0,0,0,0,0,17661,0,0,0,0,0,0,0
Sagaing Region,Taze,137955,94555,89757,68.54%,0,0,0,0,0,0,0,0,0,0,0,0,0,0,0,0,0,0,0,0,0,0,0,0,0,0,0,0,0,0,0,0,0,0,0,0,0,0,0,0,0,0,0,0,0,2113,0,0,0,0,63758,0,0,1008,0,0,0,0,0,0,0,0,0,0,0,0,0,0,0,0,0,0,0,0,0,0,0,22255,623,0,0,0,0,0,0
Sagaing Region,Monywa,259470,200454,196127,77.26%,0,0,0,0,0,0,0,0,0,0,0,0,0,0,0,0,0,0,0,0,0,0,0,0,0,0,0,0,0,0,0,0,0,0,0,0,0,0,0,0,0,0,0,0,0,1564,0,0,0,0,167865,0,0,2452,0,0,0,0,0,0,0,0,0,0,0,0,0,0,0,0,0,0,0,0,0,0,0,24246,0,0,0,0,0,0,0
Sagaing Region,Budalin,105915,72644,68851,68.59%,0,0,0,0,0,0,0,0,0,0,0,0,0,0,0,0,0,0,0,0,0,0,0,0,0,0,0,0,0,0,0,0,0,0,0,0,0,0,0,0,0,0,0,0,0,0,0,0,0,0,50739,0,0,0,0,0,0,0,0,0,0,0,0,0,0,0,0,0,0,0,0,0,0,0,0,0,0,18112,0,0,0,0,0,0,0
Sagaing Region,Ayadaw,126482,96284,91237,76.12%,0,0,0,0,0,0,0,0,0,0,0,0,0,0,0,0,0,0,0,0,0,0,0,0,0,0,0,0,0,0,0,0,0,0,0,0,0,0,0,0,0,0,0,0,0,1664,0,0,0,0,67717,0,0,2470,0,0,0,0,0,0,0,0,0,0,0,0,0,0,0,0,0,0,0,0,0,0,0,19386,0,0,0,0,0,0,0
Sagaing Region,Chaung-U,80825,63754,61413,78.88%,0,0,0,0,0,0,0,0,0,0,0,0,0,0,0,0,0,0,0,0,0,0,0,0,0,0,0,0,0,0,0,0,0,0,0,0,0,0,0,0,0,0,0,0,0,298,0,831,0,890,43535,0,0,804,0,0,0,0,0,0,0,0,0,0,0,0,0,0,0,0,0,0,0,0,0,0,0,15055,0,0,0,0,0,0,0
Sagaing Region,Yinmarbin,111838,79820,74396,71.37%,0,0,0,0,0,0,0,0,0,0,0,0,0,0,0,0,0,0,0,0,0,0,0,0,0,0,0,0,0,0,0,0,0,0,0,0,0,0,0,0,0,0,0,0,0,0,0,0,0,1544,55309,0,0,1534,0,0,0,1099,0,0,0,0,0,0,0,0,0,0,0,0,0,0,0,0,0,0,0,14910,0,0,0,0,0,0,0
Sagaing Region,Kani,99095,77915,73532,78.63%,0,0,0,0,0,0,0,0,0,0,0,0,0,0,0,0,0,0,0,0,0,0,0,0,0,0,0,0,0,0,0,0,0,0,0,0,0,0,0,0,0,0,0,0,0,0,0,0,0,0,57700,0,0,0,0,0,0,0,0,0,0,0,0,0,0,0,0,0,0,0,0,0,0,0,0,0,0,15832,0,0,0,0,0,0,0
Sagaing Region,Salingyi,99111,75110,72012,75.78%,0,0,0,0,0,0,0,0,0,0,0,0,0,0,0,0,0,0,0,0,0,0,0,0,0,0,0,0,0,0,0,0,0,0,0,0,0,0,0,0,0,0,0,0,0,0,0,0,0,1697,56403,0,0,1318,0,0,0,447,0,0,0,0,0,0,0,0,0,0,0,0,0,0,0,0,0,0,0,12147,0,0,0,0,0,0,0
Sagaing Region,Pale,113977,89609,85712,78.62%,0,0,0,0,0,0,0,0,0,0,0,0,0,0,0,0,0,0,0,0,0,0,0,0,0,0,0,0,0,0,0,0,0,0,0,0,0,0,0,0,0,0,0,0,0,0,0,0,0,635,54749,0,0,0,0,0,0,0,0,0,0,0,0,0,0,0,0,0,0,0,0,0,0,0,0,0,0,30328,0,0,0,0,0,0,0
Sagaing Region,Katha,101815,75673,71370,74.32%,0,0,0,0,0,0,0,0,0,0,0,0,0,0,0,0,0,0,0,0,0,0,0,0,0,0,0,0,0,0,0,0,0,0,0,0,0,0,0,0,0,0,0,0,0,0,0,0,0,0,43007,0,0,4741,0,0,0,0,0,0,0,0,0,0,0,0,0,1225,0,0,0,0,0,0,0,0,0,21540,857,0,0,0,0,0,0
Sagaing Region,Indaw,80569,63153,59251,78.38%,0,0,0,0,0,0,0,0,0,0,0,0,0,0,0,0,0,0,0,0,0,0,0,0,0,0,0,0,0,0,0,0,0,0,0,0,0,0,0,0,0,0,0,0,0,0,0,0,0,0,39112,0,0,6733,0,0,0,0,0,0,0,0,0,0,0,0,0,998,0,0,0,0,0,0,0,0,0,12408,0,0,0,0,0,0,0
Sagaing Region,Tigyaing,82732,63807,60156,77.12%,0,0,0,0,0,0,0,0,0,0,0,0,0,0,0,0,0,0,0,0,0,643,0,0,0,0,0,0,0,0,0,0,0,0,0,0,0,0,0,0,0,0,0,0,0,0,0,0,0,0,37998,0,0,2683,0,0,0,0,0,0,0,0,0,0,0,0,0,362,0,0,0,0,0,0,0,0,0,18470,0,0,0,0,0,0,0
Sagaing Region,Banmauk,61851,49969,45357,80.79%,0,0,0,0,0,0,0,0,0,0,0,0,0,0,0,0,0,0,0,0,0,0,0,0,0,0,0,0,0,0,0,0,0,0,0,0,0,0,0,0,0,0,0,0,0,0,0,0,0,0,22863,0,0,3051,0,0,0,0,0,0,0,0,0,0,0,0,0,1707,0,0,2759,0,0,0,0,0,0,14460,517,0,0,0,0,0,0
Sagaing Region,Kawlin,104939,84641,80623,80.66%,0,0,0,0,0,0,0,0,0,0,0,0,0,0,0,0,0,0,0,0,0,0,0,0,0,0,0,0,0,0,0,0,0,0,0,0,0,0,0,0,0,0,0,0,0,0,0,1791,0,0,61223,0,0,1869,0,0,0,0,0,0,0,0,0,0,0,0,0,673,0,0,0,0,0,0,0,0,0,15067,0,0,0,0,0,0,0
Sagaing Region,Wuntho,49844,40026,38001,80.30%,0,0,0,0,0,0,0,0,0,0,0,0,0,0,0,0,0,0,0,0,0,1149,0,0,0,0,0,0,0,0,0,0,0,0,0,0,0,0,0,0,0,0,0,0,0,0,0,0,0,0,22335,0,0,1014,0,0,0,0,0,0,0,0,0,0,0,0,0,313,0,0,0,0,0,0,0,0,0,12497,693,0,0,0,0,0,0
Sagaing Region,Pinlebu,71884,56517,53915,78.62%,0,0,0,0,0,0,0,0,0,0,0,0,0,0,0,0,0,0,0,0,0,0,0,0,0,0,0,0,0,0,0,0,0,0,0,0,0,0,0,0,0,0,0,0,0,0,0,0,0,0,36215,0,0,2935,0,0,0,0,0,0,0,0,0,0,0,0,0,1653,0,0,1532,0,0,0,0,0,0,11580,0,0,0,0,0,0,0
Sagaing Region,Kale,235232,162804,153564,69.21%,0,0,0,0,0,0,0,0,0,0,0,0,0,0,0,0,0,0,0,0,0,0,0,0,0,0,0,0,0,0,0,0,0,0,0,0,0,0,0,0,0,0,0,0,0,2998,0,0,0,0,103049,0,0,4414,0,0,0,0,0,0,0,0,0,0,0,0,0,0,0,0,0,0,0,0,0,0,0,35156,0,0,0,0,0,0,7947
Sagaing Region,Kalewa,39594,32764,30896,82.75%,0,0,0,0,0,0,0,0,0,0,0,0,0,0,0,0,0,0,0,0,0,0,0,0,0,0,0,0,0,0,0,0,0,0,0,0,0,0,0,0,0,0,0,0,0,0,0,0,0,0,14593,0,0,2346,0,0,0,0,0,0,0,0,0,0,0,0,0,0,0,0,0,0,0,0,0,0,0,13957,0,0,0,0,0,0,0
Sagaing Region,Mingin,77317,65775,63705,85.07%,0,0,0,0,0,0,0,0,0,0,0,0,0,0,0,0,0,0,0,0,0,0,0,0,0,0,0,0,0,0,0,0,0,0,0,0,0,0,0,0,0,0,0,0,0,0,0,0,0,0,30684,0,0,0,0,0,0,0,0,0,0,0,0,0,0,0,0,0,0,0,0,0,0,0,0,0,0,33021,0,0,0,0,0,0,0
Sagaing Region,Tamu,69762,51586,48572,73.95%,0,0,0,0,0,0,0,0,2391,1239,0,0,0,0,0,0,0,0,0,0,0,0,0,0,0,0,0,0,0,0,0,0,0,0,0,0,0,0,0,0,0,0,0,0,0,0,0,0,0,0,24112,0,0,728,0,0,0,0,0,0,0,0,0,0,0,0,0,0,0,0,0,0,0,0,0,0,0,19102,0,0,0,0,0,0,0
Sagaing Region,Mawlaik,36702,28551,26896,77.79%,0,0,0,0,0,0,0,0,0,0,0,0,0,0,0,0,0,0,0,0,0,0,0,0,0,0,0,0,0,0,0,0,0,0,0,0,0,0,0,0,0,0,0,0,0,0,0,0,0,0,14406,0,0,2194,0,0,0,0,0,0,0,0,0,0,0,0,0,0,0,0,0,0,0,0,0,0,0,10296,0,0,0,0,0,0,0
Sagaing Region,Paungbyin,73268,56254,52973,76.78%,0,0,0,0,0,0,0,0,0,0,0,0,0,0,0,0,0,0,0,0,0,0,0,0,0,0,0,0,0,0,0,0,0,0,0,0,0,0,0,0,0,0,0,0,0,0,0,0,0,0,27568,0,0,2843,0,0,0,0,0,0,0,0,0,0,0,1075,0,0,0,0,0,0,0,0,0,0,0,21487,0,0,0,0,0,0,0
Sagaing Region,Hkamti,25477,18107,17011,71.07%,0,0,0,0,0,0,0,0,0,0,0,0,0,0,0,0,0,0,0,0,0,2578,3116,0,0,0,0,0,0,0,0,0,0,0,0,0,0,0,0,0,0,0,0,0,0,0,0,0,0,0,6931,0,0,376,0,0,0,0,0,0,0,0,0,0,0,0,0,0,0,0,1062,0,0,0,0,0,0,2948,0,0,0,0,0,0,0
Sagaing Region,Homalin,127338,93783,86372,73.65%,0,0,0,0,0,0,0,0,0,0,0,0,0,0,0,0,0,0,0,0,0,0,0,0,0,0,0,0,0,0,0,0,0,0,0,0,0,0,0,0,0,0,0,0,0,0,0,0,0,0,36206,0,0,6643,0,0,0,0,0,0,0,0,0,0,0,0,0,0,0,0,31704,0,0,0,0,0,0,11819,0,0,0,0,0,0,0
Sagaing Region,Lay Shi,8787,7993,7618,90.96%,0,0,0,0,0,0,0,0,0,0,0,0,0,0,0,0,0,0,0,0,0,0,0,0,0,0,0,0,0,0,0,0,0,0,0,0,0,0,0,0,0,0,0,0,0,0,0,0,0,0,4687,0,0,0,0,0,0,0,0,0,0,0,0,0,0,0,0,0,0,0,0,0,0,0,0,0,0,2931,0,0,0,0,0,0,0
Sagaing Region,Lahe,28398,24728,22080,87.08%,0,0,0,0,0,0,0,0,0,0,0,0,0,0,0,0,0,0,0,0,0,0,0,0,0,0,0,0,0,0,0,0,0,0,0,0,0,0,0,0,0,0,0,0,0,0,0,0,0,0,11564,0,0,0,0,0,0,0,0,0,0,0,0,0,0,0,0,0,0,0,0,0,0,0,0,0,0,10516,0,0,0,0,0,0,0
Sagaing Region,Nanyun,25097,20674,19874,82.38%,0,0,0,0,0,0,0,0,0,0,0,0,0,0,0,0,0,0,0,0,0,0,0,0,0,0,0,0,0,0,0,0,0,0,0,0,0,0,0,0,0,0,0,0,0,0,0,0,0,0,13284,0,0,0,0,0,0,0,0,0,0,0,0,0,0,0,0,0,0,0,0,0,0,0,0,0,0,6590,0,0,0,0,0,0,0
Tanintharyi Region,Dawei,107933,64203,60763,59.48%,0,0,0,0,0,0,0,0,0,0,0,0,0,786,0,0,0,0,0,0,0,0,0,0,0,0,0,0,0,0,0,0,0,0,0,0,0,0,0,0,0,0,0,0,0,0,0,1297,0,990,43574,0,0,968,0,0,0,0,0,0,0,0,0,0,0,0,0,0,0,0,0,0,0,0,0,0,0,13148,0,0,0,0,0,0,0
Tanintharyi Region,Launglon,113636,58631,54988,51.60%,0,0,0,0,0,0,0,0,0,0,0,0,0,636,0,0,0,0,0,0,0,983,0,0,0,0,0,0,0,0,0,0,0,0,0,0,0,0,0,0,0,0,0,0,0,0,0,0,0,0,44773,0,0,0,0,0,0,0,0,0,0,0,0,0,0,0,0,0,0,0,0,0,0,0,0,0,0,8596,0,0,0,0,0,0,0
Tanintharyi Region,Thayetchaung,96991,50511,47429,52.08%,0,0,0,0,0,0,0,0,0,0,0,0,0,0,0,0,0,0,0,0,0,0,0,0,0,0,0,0,0,0,0,0,0,0,0,0,0,0,0,0,0,0,0,0,0,0,0,0,0,0,34551,0,0,0,0,0,0,0,0,0,0,0,0,0,0,0,0,0,0,0,0,0,0,0,0,0,0,12878,0,0,0,0,0,0,0
Tanintharyi Region,Yebyu,99983,58528,49782,58.54%,0,0,2518,0,0,0,0,0,0,0,0,0,0,0,0,0,0,0,0,0,0,0,0,0,0,0,0,0,0,0,0,0,0,0,0,0,0,0,0,0,0,0,4415,0,0,0,0,1121,0,0,31216,0,0,0,0,0,0,0,0,0,0,0,0,0,0,0,0,0,0,0,0,0,0,0,0,0,0,10512,0,0,0,0,0,0,0
Tanintharyi Region,Myeik,171634,125248,116915,72.97%,0,0,0,0,0,0,0,0,0,0,0,0,0,0,0,0,0,0,0,0,0,0,0,0,0,0,0,0,0,0,0,0,0,0,0,0,0,0,0,0,0,0,0,0,0,0,0,0,0,1637,89325,0,0,1675,0,0,0,0,0,0,0,0,0,0,0,0,0,0,0,0,0,0,0,0,0,0,0,24278,0,0,0,0,0,0,0
Tanintharyi Region,Kyunsu,99641,74787,68835,75.06%,0,0,0,0,0,0,0,0,0,0,0,0,0,0,0,0,1308,0,0,0,0,0,0,0,0,0,0,0,0,0,0,0,0,0,0,0,0,0,0,0,0,0,0,0,0,0,0,0,0,0,45314,0,0,1396,0,0,0,0,0,0,0,0,0,0,0,0,0,0,0,0,0,0,0,0,0,0,0,20817,0,0,0,0,0,0,0
Tanintharyi Region,Palaw,90419,56563,53928,62.56%,0,0,0,0,0,0,0,0,0,0,0,0,0,0,0,0,0,0,0,0,0,0,0,0,0,0,0,0,0,0,0,0,0,0,0,0,0,0,0,0,0,0,0,0,0,0,0,0,0,1350,37741,0,0,894,0,0,0,0,0,0,0,0,0,0,0,0,0,0,0,0,0,0,0,0,0,0,0,13943,0,0,0,0,0,0,0
Tanintharyi Region,Tanintharyi,63373,48196,44444,76.05%,0,0,0,0,0,0,0,0,0,0,0,0,0,0,0,0,0,0,0,0,0,0,0,0,0,0,0,0,0,0,0,0,0,0,0,0,0,0,0,0,0,0,0,0,0,0,0,0,0,1029,33141,0,0,1089,0,0,0,0,0,0,0,0,0,0,0,0,0,0,0,0,0,0,0,0,0,0,0,9185,0,0,0,0,0,0,0
Tanintharyi Region,Kawthoung,96344,49242,44895,51.11%,0,0,0,0,0,0,0,0,0,0,0,0,0,798,0,0,0,0,0,0,0,0,0,0,0,0,0,0,0,0,0,0,0,0,0,0,0,0,0,0,0,0,0,0,0,0,0,0,0,0,30978,0,0,1534,0,0,0,0,0,0,0,0,0,0,0,0,0,0,0,0,0,0,0,0,0,0,0,11585,0,0,0,0,0,0,0
Tanintharyi Region,Bokpyin,45054,32863,31071,72.94%,0,0,0,0,0,0,0,0,0,0,0,0,0,0,0,0,0,0,0,0,0,0,0,0,0,0,0,0,0,0,0,0,0,0,0,0,0,0,0,0,0,0,0,0,0,0,0,0,0,0,18375,0,0,1063,0,0,0,0,0,0,0,0,0,0,0,0,0,0,0,0,0,0,0,0,0,0,0,11633,0,0,0,0,0,0,0
Bago Region,Bago ,336740,226734,216505,67.33%,0,0,0,0,0,0,0,0,0,0,1595,0,0,0,0,0,0,0,0,0,3496,0,0,0,0,0,0,0,0,0,0,0,0,0,0,0,0,0,0,0,0,0,0,0,0,1573,0,0,0,3815,149190,0,0,3723,0,0,0,0,0,0,0,0,0,0,0,0,0,0,0,0,0,0,0,0,1106,286,0,51721,0,0,0,0,0,0,0
Bago Region,Thanatpin,108901,61882,56759,56.82%,0,0,0,0,0,0,0,0,0,0,0,0,0,0,0,0,0,0,0,0,0,0,0,0,0,0,0,0,0,0,0,0,0,0,0,0,0,0,0,0,0,0,0,0,0,1555,0,0,0,1170,38554,0,0,1722,0,0,0,0,0,0,0,0,0,0,0,0,0,0,0,0,0,0,0,0,0,0,0,13758,0,0,0,0,0,0,0
Bago Region,Kawa ,144982,96228,90400,66.37%,0,0,0,0,0,0,0,0,0,0,1688,0,0,0,0,0,0,0,0,0,0,0,0,0,0,0,0,0,0,0,0,0,0,0,0,0,0,0,0,0,0,0,0,0,0,1737,0,0,0,4137,50926,0,0,1737,0,0,0,0,0,0,0,0,0,0,0,0,0,0,0,0,0,0,0,0,0,0,0,30175,0,0,0,0,0,0,0
Bago Region,Waw,129144,77407,72182,59.94%,0,0,0,0,0,0,0,0,0,0,0,0,0,0,0,0,0,0,0,0,0,674,0,0,0,0,0,0,0,0,0,0,0,0,0,0,0,0,0,0,0,0,0,0,0,2288,0,1547,0,0,47650,0,0,1312,0,0,0,0,0,0,0,0,0,0,0,0,0,0,0,0,0,0,0,0,0,687,0,18024,0,0,0,0,0,0,0
Bago Region,Nyaunglebin ,143636,96394,90766,67.11%,0,0,0,0,0,0,0,0,0,0,0,0,0,0,0,0,0,0,0,0,0,0,0,0,0,0,0,0,0,0,0,0,0,0,0,0,0,0,0,0,0,0,0,0,0,3836,0,0,0,2866,56282,0,0,3960,0,0,0,0,0,0,0,0,0,0,0,0,0,0,0,0,0,0,0,0,0,0,0,23822,0,0,0,0,0,0,0
Bago Region,Kyauktaga ,177425,112642,104831,63.49%,0,0,0,0,0,0,0,0,0,0,0,0,0,0,0,0,0,0,0,0,0,0,0,0,0,0,0,0,0,0,0,0,0,0,0,0,0,0,0,0,0,0,0,0,0,1567,0,2395,0,0,67352,0,0,3610,0,0,0,0,0,0,0,0,0,0,0,0,0,0,0,0,0,0,0,0,0,0,0,29907,0,0,0,0,0,0,0
Bago Region,Daik-U,143401,94456,88509,65.87%,0,0,0,0,0,0,0,0,0,0,0,0,0,0,0,0,0,0,0,1070,0,0,0,0,0,0,0,0,0,0,0,0,0,0,0,0,0,0,0,0,0,0,0,0,0,4848,0,1878,0,1693,58525,0,0,1616,0,0,0,0,0,0,0,0,0,0,0,0,0,0,0,0,0,0,0,0,0,293,0,18586,0,0,0,0,0,0,0
Bago Region,Shwegyin,67192,46572,43900,69.31%,0,0,0,0,0,0,0,0,0,0,0,0,0,0,0,0,0,0,0,0,0,0,0,0,0,0,0,0,0,0,0,0,0,0,0,0,0,0,0,0,0,0,0,0,0,2161,0,0,0,1165,22067,0,0,2607,0,0,0,0,0,0,0,0,0,0,0,0,0,0,0,0,0,0,0,0,0,0,0,15900,0,0,0,0,0,0,0
Bago Region,Taungoo,181289,134489,123439,74.18%,0,0,0,0,0,0,0,0,0,0,0,0,0,0,0,0,0,0,0,0,0,0,0,0,0,0,0,0,0,0,0,0,0,0,0,0,0,0,0,0,0,0,0,0,0,4224,0,0,0,2693,76617,0,0,1279,0,0,0,0,0,0,1127,0,0,0,0,0,0,0,0,0,0,0,0,0,0,0,0,37499,0,0,0,0,0,0,0
Bago Region,Yedashe,148009,103766,97805,70.11%,0,0,0,0,0,0,0,0,0,0,0,0,0,0,0,0,0,0,0,0,0,0,0,0,0,0,0,0,0,0,0,0,0,0,0,0,0,0,0,0,0,0,0,0,0,2302,0,1772,0,2703,45052,0,0,6236,0,0,0,0,0,0,1297,0,0,0,0,0,0,0,0,0,0,0,0,0,0,0,0,38443,0,0,0,0,0,0,0
Bago Region,Kyaukkyi,74147,51446,46305,69.38%,0,0,0,0,0,0,0,0,0,0,0,0,0,0,0,0,0,0,0,0,0,0,0,0,0,0,0,0,0,0,0,0,0,0,3121,0,0,0,0,0,0,0,0,0,0,3059,0,0,0,0,17524,0,0,6570,0,0,0,0,0,0,0,0,0,0,0,0,0,0,0,0,0,0,0,0,0,0,0,16031,0,0,0,0,0,0,0
Bago Region,Phyu,189204,126019,116159,66.60%,0,0,0,0,0,0,0,0,0,0,0,0,0,0,0,0,0,0,0,0,0,10081,1197,0,0,0,0,0,0,0,0,0,0,0,0,0,0,0,0,0,0,0,0,0,0,1529,0,1691,0,0,54770,0,0,2718,0,0,0,0,0,0,0,0,0,0,0,0,0,0,0,0,0,0,0,0,0,0,0,44173,0,0,0,0,0,0,0
Bago Region,Oktwin,114798,79383,75572,69.15%,0,0,0,0,0,0,0,0,0,0,0,0,0,0,458,0,0,0,0,0,0,0,0,0,0,0,0,0,0,0,0,0,0,0,0,0,0,0,0,0,0,0,0,0,0,1323,0,0,0,1756,44350,0,0,1429,0,0,0,0,0,0,686,0,0,0,0,0,0,0,0,0,0,0,0,0,0,0,0,25570,0,0,0,0,0,0,0
Bago Region,Htantabin,83764,58339,54753,69.65%,0,0,0,0,0,0,0,0,0,0,0,0,0,0,0,0,0,0,0,0,0,0,0,0,0,0,0,0,0,0,0,0,0,0,0,0,0,0,0,0,0,0,0,0,0,388,0,0,0,1066,29309,0,0,647,0,0,0,0,3825,0,0,0,0,0,0,0,0,0,0,0,0,0,0,0,0,0,0,19518,0,0,0,0,0,0,0
Bago Region,Pyay,173718,135235,129128,77.85%,0,0,0,0,0,0,0,0,0,0,0,0,0,0,0,0,0,0,0,0,0,0,0,0,0,0,0,0,0,0,0,0,0,0,0,0,0,0,0,0,0,0,0,0,0,1148,0,0,0,2787,90708,0,0,2050,0,0,0,0,0,0,0,0,0,0,0,0,0,0,0,0,0,0,0,534,0,0,0,31901,0,0,0,0,0,0,0
Bago Region,Paukkhaung,92385,72071,69603,78.01%,0,0,0,0,0,0,0,0,0,0,0,0,0,0,0,0,0,0,0,0,0,0,0,0,0,0,0,0,0,0,0,0,0,0,0,0,0,0,0,0,0,0,0,0,0,510,0,0,0,1705,39807,0,0,1659,0,0,0,0,0,0,0,0,0,0,0,0,0,0,0,0,0,0,0,0,0,0,0,25922,0,0,0,0,0,0,0
Bago Region,Padaung,108468,90903,86287,83.81%,0,0,0,0,0,0,1714,0,0,0,0,0,0,0,0,0,0,0,0,0,0,0,0,0,0,0,0,0,0,0,0,0,0,0,0,0,0,0,0,0,0,0,0,0,0,0,0,0,0,1984,49769,0,0,1766,0,0,0,0,0,0,0,0,0,0,0,0,0,0,0,0,0,0,0,0,0,0,0,31054,0,0,0,0,0,0,0
Bago Region,Paungde,105941,82064,77060,77.46%,0,0,0,0,0,0,0,0,0,0,0,0,0,0,0,0,0,0,0,0,0,0,0,0,0,0,0,0,0,0,0,0,0,0,0,0,0,0,0,0,0,0,0,0,0,1222,0,0,0,1466,52703,0,0,1695,0,0,0,0,0,0,0,0,0,0,0,0,0,0,0,0,0,2880,0,0,0,0,0,17094,0,0,0,0,0,0,0
Bago Region,Thegon,104419,85532,80355,81.91%,0,0,0,0,0,0,0,0,0,0,0,0,0,0,0,0,0,0,0,0,0,0,0,0,0,0,0,0,0,0,0,0,0,0,0,0,0,0,0,0,0,0,0,0,0,2352,0,0,0,0,52023,0,0,1240,0,0,0,0,0,0,0,0,0,0,0,0,0,0,0,0,0,0,0,1688,0,0,0,23052,0,0,0,0,0,0,0
Bago Region,Shwedaung,101158,80916,76087,79.99%,0,0,0,0,0,0,0,0,0,0,0,0,0,0,0,0,0,0,0,0,0,0,0,0,0,0,0,0,0,0,0,0,0,0,0,0,0,0,0,0,0,0,0,0,0,997,0,0,0,0,53589,0,0,1789,0,0,0,0,0,0,0,0,0,0,0,0,0,0,0,0,0,0,0,0,0,0,0,19712,0,0,0,0,0,0,0
Bago Region,Thayarwady,110222,86544,81041,78.52%,0,0,0,0,0,0,0,0,0,0,0,0,0,0,0,0,783,0,0,0,0,0,0,0,0,0,0,0,0,0,0,0,0,0,0,0,0,0,0,0,0,0,0,0,0,2745,0,0,0,711,43274,0,0,2308,0,0,0,0,0,0,0,0,0,0,0,0,0,0,0,0,0,0,0,0,0,0,0,31220,0,0,0,0,0,0,0
Bago Region,Letpadan,129228,94806,89563,73.36%,0,0,0,0,0,0,0,0,0,0,0,0,0,0,0,0,0,0,0,0,0,0,0,0,0,0,0,0,0,0,0,0,0,0,0,0,0,0,0,0,0,0,0,0,0,2548,0,693,0,738,63285,0,0,1455,0,0,0,0,0,0,0,0,0,0,0,0,0,0,0,0,0,0,0,0,0,0,0,20844,0,0,0,0,0,0,0
Bago Region,Minhla,93832,70803,66867,75.46%,0,0,0,0,0,0,0,0,0,0,0,0,0,0,0,0,0,0,0,0,0,0,0,0,0,0,0,0,0,0,0,0,0,0,0,0,0,0,0,0,0,0,0,0,0,3017,0,0,0,1978,43195,0,0,1271,0,0,0,0,0,0,0,0,0,0,0,0,0,0,0,0,0,0,0,0,0,0,0,17406,0,0,0,0,0,0,0
Bago Region,Okpho,95620,72352,67837,75.67%,0,0,0,0,0,0,0,0,0,0,0,0,0,0,0,0,0,0,0,0,0,0,0,0,0,0,0,0,0,0,0,0,0,0,0,0,0,0,0,0,0,0,0,0,0,2180,0,1041,0,1523,44743,0,0,858,0,0,0,0,0,0,0,0,0,0,0,0,0,0,0,0,0,0,0,0,0,0,0,17492,0,0,0,0,0,0,0
Bago Region,Zigon,53234,44095,41323,82.83%,0,0,0,0,0,0,0,0,0,0,0,0,0,0,0,0,0,0,0,0,0,0,0,0,0,0,0,0,0,0,0,0,0,0,0,0,0,0,0,0,0,0,0,0,0,940,0,0,0,612,14521,0,0,298,0,0,0,0,0,0,0,0,0,0,0,0,0,0,0,0,0,0,0,0,0,0,0,24952,0,0,0,0,0,0,0
Bago Region,Nattalin,131731,106406,100439,80.78%,0,0,0,0,0,0,0,0,0,0,0,0,0,0,0,0,0,0,0,0,0,0,0,0,0,0,0,0,0,0,0,0,0,0,0,0,0,0,0,0,0,0,0,0,0,2238,0,0,0,0,69658,0,0,1446,0,0,0,0,0,0,0,0,0,0,0,0,0,0,0,0,0,0,0,0,0,0,0,27097,0,0,0,0,0,0,0
Bago Region,Monyo,96417,74145,68216,76.90%,0,0,0,0,0,0,0,0,0,0,0,0,0,0,0,0,0,0,0,0,0,0,0,0,0,0,0,0,0,0,0,0,0,0,0,0,0,0,0,0,0,0,0,0,0,5210,0,0,0,0,42504,0,0,1218,0,0,0,0,0,0,0,0,0,0,0,0,0,0,0,0,0,0,0,0,0,0,0,19284,0,0,0,0,0,0,0
Bago Region,Gyobingauk,91714,70782,66602,77.18%,0,0,0,0,0,0,0,0,0,0,0,0,0,0,0,0,2265,0,0,0,0,0,0,0,0,0,0,0,0,0,0,0,0,0,0,0,0,0,0,0,0,0,0,0,0,3902,0,0,0,1153,40858,0,0,823,0,0,0,0,0,0,0,0,0,0,0,0,0,0,0,0,0,0,0,0,0,0,0,17601,0,0,0,0,0,0,0
Magway Region,Magway,215698,163066,160960,75.60%,0,0,0,0,0,0,0,0,0,0,0,0,0,0,0,0,0,0,0,0,0,0,0,0,0,0,0,0,0,0,0,0,0,0,0,0,0,0,0,0,0,0,0,0,0,1017,0,1682,0,1995,107580,0,0,2575,0,0,0,0,0,0,0,0,0,0,0,0,0,0,0,0,0,3385,0,0,0,0,0,42726,0,0,0,0,0,0,0
Magway Region,Yenangyaung,119541,81458,77057,68.14%,0,0,0,0,0,0,0,0,0,0,0,0,0,0,0,0,0,0,0,0,0,310,0,0,0,0,0,0,0,0,0,0,0,0,0,0,0,0,0,0,0,0,0,0,0,0,0,0,0,0,52061,0,0,1722,0,0,0,0,0,0,0,0,0,0,0,0,0,0,0,0,0,0,0,0,0,0,0,22685,279,0,0,0,0,0,0
Magway Region,Chauk,156538,111314,105251,71.11%,0,0,0,0,0,0,0,0,0,0,0,0,0,0,0,0,0,0,0,0,0,0,0,0,0,0,0,0,0,0,0,0,0,0,0,0,0,0,0,0,0,0,0,0,0,0,0,1395,0,1790,77665,0,0,0,0,0,0,0,0,0,0,0,0,0,0,0,0,0,0,0,0,0,0,0,0,0,0,24401,0,0,0,0,0,0,0
Magway Region,Taungdwingyi,196426,145298,138271,73.97%,0,0,0,0,0,0,0,0,0,0,0,0,0,0,0,0,0,0,0,0,0,0,0,0,0,0,0,0,0,0,0,0,0,0,0,0,0,0,0,0,0,0,0,0,0,0,0,1395,0,2309,86116,0,0,5054,0,0,0,0,0,0,0,0,0,0,0,0,0,0,0,0,0,0,0,0,0,0,0,43397,0,0,0,0,0,0,0
Magway Region,Myothit,119717,88237,82566,73.70%,0,0,0,0,0,0,0,0,0,0,0,0,0,0,0,0,0,0,0,0,0,0,0,0,0,0,0,0,0,0,0,0,0,0,0,0,0,0,0,0,0,0,0,0,0,1060,0,0,0,2388,56718,0,0,2068,0,0,0,0,0,0,0,0,0,0,0,0,0,0,0,0,0,0,0,0,0,0,0,20332,0,0,0,0,0,0,0
Magway Region,Natmauk,170158,121632,112243,71.48%,0,0,0,0,0,0,0,0,0,0,0,0,0,0,0,0,0,0,0,1274,0,4033,0,0,0,0,0,0,0,0,0,0,0,0,0,0,0,0,0,0,0,0,0,0,0,0,0,0,0,3319,83081,0,0,3953,0,0,0,0,0,0,0,0,0,0,0,0,0,0,0,0,0,0,0,0,0,0,0,16583,0,0,0,0,0,0,0
Magway Region,Minbu,131113,107599,102249,82.07%,0,0,0,0,0,0,0,0,0,0,0,0,0,0,0,0,0,0,0,0,0,795,0,0,0,0,0,0,0,0,0,0,0,0,0,0,0,0,0,0,0,0,0,0,0,1788,0,0,0,1665,72093,0,0,1644,0,0,0,0,0,0,0,0,0,0,0,0,0,0,0,0,0,0,0,0,0,0,0,24264,0,0,0,0,0,0,0
Magway Region,Pwintbyu,124069,100477,96126,80.98%,0,0,0,0,0,0,0,0,0,0,0,0,0,0,0,0,0,0,0,0,0,0,0,0,0,0,0,0,0,0,0,0,0,0,0,0,0,0,0,0,0,0,0,0,0,674,0,0,0,1640,60975,0,0,683,0,0,0,0,0,0,0,0,0,0,0,0,0,0,0,0,0,0,0,0,0,0,0,32154,0,0,0,0,0,0,0
Magway Region,Salin,182280,142852,135823,78.37%,0,0,0,0,0,0,0,0,0,0,0,0,0,0,0,0,0,0,0,0,0,0,0,0,0,0,0,0,0,0,0,0,0,0,0,0,0,0,0,0,0,0,0,0,0,2931,0,0,0,0,88276,0,0,1701,0,0,0,0,0,0,0,0,0,0,0,0,0,0,0,0,0,0,0,0,0,0,0,42915,0,0,0,0,0,0,0
Magway Region,Ngape,36112,31301,29756,86.68%,0,0,0,0,0,0,1324,0,0,0,0,0,0,0,0,0,0,0,0,0,0,0,0,0,0,0,0,0,0,0,0,0,0,0,0,0,0,0,0,0,0,0,0,0,0,0,0,0,0,0,21842,0,0,651,0,0,0,0,0,0,0,0,0,0,0,0,0,0,0,0,0,0,0,0,0,0,0,5939,0,0,0,0,0,0,0
Magway Region,Sidoktaya,32509,27295,25890,83.96%,0,0,0,0,0,0,0,0,638,0,0,0,0,0,0,0,0,0,0,0,0,0,0,0,0,0,0,0,0,0,0,0,0,0,0,0,0,0,0,0,0,0,0,0,0,1788,0,0,0,0,16999,0,0,713,0,0,0,0,0,0,0,0,0,0,0,0,0,0,0,0,0,0,0,0,0,0,0,5752,0,0,0,0,0,0,0
Magway Region,Thayet,81575,66272,63559,81.24%,0,0,0,0,0,0,0,0,0,0,0,0,0,0,0,0,0,0,0,0,0,0,0,0,0,0,0,0,0,0,0,0,0,0,0,0,0,0,0,0,0,0,0,0,0,509,0,0,0,968,38491,0,0,1234,0,0,0,0,0,0,0,0,0,0,0,0,0,0,0,0,0,0,0,0,0,0,0,22357,0,0,0,0,0,0,0
Magway Region,Kamma,57437,49508,47874,86.20%,0,0,0,0,0,0,0,0,0,0,0,0,0,0,0,0,0,0,0,0,0,0,0,0,0,0,0,0,0,0,0,0,0,0,0,0,0,0,0,0,0,0,0,0,0,1241,0,579,0,0,27593,0,0,473,0,0,0,0,0,0,0,0,0,0,0,0,0,0,0,0,0,0,0,0,0,0,0,17988,0,0,0,0,0,0,0
Magway Region,Mindon,47507,38096,36257,80.19%,0,0,0,0,0,0,0,0,0,0,0,0,0,0,0,0,0,0,0,0,0,0,0,0,0,0,0,0,0,0,0,0,0,0,0,0,0,0,0,0,0,0,0,0,0,0,0,0,0,0,22434,0,0,1762,0,0,0,0,0,0,0,0,0,0,0,0,0,0,0,0,0,0,0,0,0,0,0,12061,0,0,0,0,0,0,0
Magway Region,Minhla,96967,78206,74358,80.65%,0,0,0,0,0,0,0,0,0,0,0,0,0,0,0,0,0,0,0,0,0,0,0,0,0,0,0,0,0,0,0,0,0,0,0,0,0,0,0,0,0,0,0,0,0,0,0,0,0,2884,41838,0,0,6749,0,0,0,0,0,0,0,0,0,0,0,0,0,0,0,0,0,0,0,0,0,0,0,22887,0,0,0,0,0,0,0
Magway Region,Sinbaungwe,86987,72631,68042,83.50%,0,0,0,0,0,0,0,0,0,0,0,0,0,0,916,0,0,0,0,0,0,2069,0,0,0,0,0,0,0,0,0,0,0,0,0,0,0,0,0,0,0,0,0,0,0,1591,0,0,0,0,39905,0,0,1837,0,0,0,0,0,0,0,0,0,0,0,0,0,0,0,0,0,0,0,0,0,0,0,21724,0,0,0,0,0,0,0
Magway Region,Aunglan,175930,139323,131174,79.19%,0,0,0,0,0,0,0,0,0,0,0,0,0,0,0,0,0,0,0,0,0,0,0,0,0,0,0,0,0,0,0,0,0,0,0,0,0,0,0,0,0,0,0,0,0,1788,0,0,0,4193,86085,0,0,2247,0,0,0,0,0,0,0,0,0,0,0,0,0,0,0,0,0,0,0,0,0,0,0,35677,1184,0,0,0,0,0,0
Magway Region,Pakokku,226267,172449,161162,76.21%,0,0,0,0,0,0,0,0,0,0,0,0,0,0,0,0,0,0,0,0,0,1603,0,0,0,0,0,0,0,0,0,0,0,0,0,0,0,0,0,0,0,0,0,0,0,580,0,596,0,1514,120220,0,0,1532,0,0,0,0,0,0,0,0,0,0,0,0,0,0,0,0,0,2784,0,0,0,0,0,32333,0,0,0,0,0,0,0
Magway Region,Yesagyo,177798,130585,126581,73.45%,0,0,0,0,0,0,0,0,0,0,0,0,0,0,0,0,0,0,0,0,0,0,0,0,0,0,0,0,0,0,0,0,0,0,0,0,0,0,0,0,0,0,0,0,0,0,0,735,0,1418,78439,0,0,1255,0,0,0,0,0,0,0,0,0,0,0,0,0,0,0,0,0,0,0,0,0,0,0,44734,0,0,0,0,0,0,0
Magway Region,Myaing,189523,136267,129951,71.90%,0,0,0,0,0,0,0,0,0,0,0,0,0,0,0,0,0,0,0,0,0,0,0,0,0,0,0,0,0,0,0,0,0,0,0,0,0,0,0,0,0,0,0,0,0,0,0,0,0,0,94477,0,0,1585,0,0,0,0,0,0,0,0,0,0,0,0,0,0,0,0,0,0,0,0,0,0,0,33889,0,0,0,0,0,0,0
Magway Region,Pauk,131163,96724,89239,73.74%,0,0,0,0,0,0,0,0,0,0,0,0,0,0,0,0,0,0,0,0,0,0,0,0,0,0,0,0,0,0,0,0,0,0,0,0,0,0,0,0,0,0,0,0,0,0,0,0,0,2741,52139,0,0,1840,0,0,0,0,0,0,0,0,0,0,0,0,0,0,0,0,0,1456,0,0,0,0,0,31063,0,0,0,0,0,0,0
Magway Region,Seikphyu,78659,59389,55337,75.50%,0,0,0,0,0,0,0,0,0,0,0,0,0,0,0,0,0,0,0,0,0,0,0,0,0,0,0,0,0,0,0,0,0,0,0,0,0,0,0,0,0,0,0,0,0,1211,0,0,0,1408,31806,0,0,3152,0,0,0,0,0,0,0,0,0,0,0,0,0,0,0,0,0,0,0,0,0,0,0,17760,0,0,0,0,0,0,0
Magway Region,Gangaw,99316,80729,77195,81.28%,0,0,0,0,0,0,0,0,0,0,0,0,0,0,0,0,0,0,0,0,0,536,819,0,0,0,0,0,0,0,0,0,0,0,0,0,0,0,0,0,0,0,0,0,0,0,0,0,0,0,57649,0,0,1068,0,0,0,0,0,0,0,0,0,0,0,0,0,0,0,0,0,0,0,0,0,0,0,16738,385,0,0,0,0,0,0
Magway Region,Tilin,39574,32788,31541,82.85%,0,0,0,0,0,0,0,0,0,0,0,0,0,0,0,0,0,0,0,0,0,0,0,0,0,0,0,0,0,0,0,0,0,0,0,0,0,0,0,0,0,0,0,0,0,0,0,0,0,0,19786,0,0,0,0,0,0,0,0,0,0,0,0,0,0,0,0,0,0,0,0,0,0,0,0,0,0,11040,715,0,0,0,0,0,0
Magway Region,Saw,53869,45132,43198,83.78%,0,0,0,0,0,0,0,0,0,0,0,0,0,0,0,0,0,0,0,0,0,994,243,0,0,0,0,0,0,0,0,0,0,0,0,0,0,0,0,0,0,0,0,0,0,0,0,0,0,0,30966,0,0,1411,0,0,0,0,0,0,0,0,0,0,0,0,0,0,0,0,0,0,0,0,0,0,0,9584,0,0,0,0,0,0,0
Mandalay Region,Aungmyaythazan,154139,119568,115569,77.57%,0,0,0,0,0,0,0,0,0,0,0,0,0,0,0,0,817,0,0,0,0,221,0,0,0,0,0,0,0,0,0,0,0,0,0,0,0,0,0,0,0,0,0,0,0,0,0,1263,0,1133,87375,0,0,1592,0,0,0,0,0,0,0,0,0,0,0,0,0,0,0,0,0,0,0,0,0,0,0,23168,0,0,0,0,0,0,0
Mandalay Region,Chanayethazan,151234,97204,95205,64.27%,0,0,0,0,0,0,0,0,0,0,0,0,0,0,0,0,684,0,0,0,0,0,0,0,0,0,0,0,0,0,0,0,0,0,0,0,0,0,0,0,0,0,0,0,0,0,0,0,0,876,81593,0,811,0,0,0,0,0,0,0,0,0,0,0,0,0,0,0,0,0,0,0,0,0,0,0,0,11241,0,0,0,0,0,0,0
Mandalay Region,Mahaaungmyay,167452,111980,109000,66.87%,0,0,0,0,0,0,0,0,0,0,0,0,0,0,0,0,328,0,0,0,0,895,0,0,0,0,0,0,0,0,0,0,0,0,0,0,0,0,0,0,0,0,0,0,0,0,0,451,0,493,93174,0,0,0,0,0,0,0,0,0,0,340,0,0,0,0,0,0,0,0,0,1206,0,0,0,0,0,12113,0,0,0,0,0,0,0
Mandalay Region,Chanmyathazi,192949,117246,112663,60.77%,0,0,0,0,0,0,0,0,0,0,0,0,0,0,0,0,0,0,0,0,0,0,0,0,0,0,0,0,0,0,0,0,0,0,0,0,0,0,0,0,0,0,0,0,0,0,0,2080,0,0,92186,0,0,1273,0,0,0,0,0,0,0,0,0,0,0,0,0,0,0,0,0,1901,0,0,0,0,0,15223,0,0,0,0,0,0,0
Mandalay Region,Pyigyitagon,124695,81702,78963,65.52%,0,0,0,0,0,0,0,0,0,0,0,0,0,0,0,0,0,0,0,0,0,0,0,0,0,0,0,0,0,0,0,0,0,0,0,0,0,0,0,0,0,0,0,0,0,0,0,0,0,804,63849,0,0,840,0,0,0,0,0,0,0,0,0,0,0,0,0,0,0,0,0,1223,0,0,0,0,0,12247,0,0,0,0,0,0,0
Mandalay Region,Amarapura,151449,126515,121220,83.54%,0,0,0,0,0,0,0,0,0,0,0,0,0,0,0,0,2245,0,0,0,0,0,0,0,0,0,0,0,0,0,0,0,0,0,0,0,0,0,0,0,0,0,0,0,0,0,0,0,0,1408,87535,0,0,0,0,0,0,0,0,0,0,0,0,0,0,0,0,0,0,0,0,2842,0,0,0,0,0,27190,0,0,0,0,0,0,0
Mandalay Region,Patheingyi,159496,111232,105186,69.74%,0,0,0,0,0,0,0,0,0,0,0,0,0,0,0,0,0,0,0,0,0,0,0,0,0,0,0,0,0,0,0,0,0,0,0,0,0,0,0,0,0,0,0,0,0,0,0,1946,0,3138,71641,0,0,3398,0,0,0,0,0,0,0,0,0,0,0,0,0,0,0,0,0,0,0,0,0,0,0,25063,0,0,0,0,0,0,0
Mandalay Region,Pyinoolwin,152879,116378,111687,76.12%,0,0,0,0,0,0,0,0,0,0,0,0,0,0,0,0,0,0,0,0,0,0,0,0,0,0,0,0,0,0,0,0,0,0,0,0,0,0,0,0,0,0,0,0,0,0,0,0,0,4118,56519,0,0,3051,0,0,0,0,0,0,0,0,0,0,0,0,0,0,0,0,0,0,0,0,0,0,0,47999,0,0,0,0,0,0,0
Mandalay Region,Madaya,173638,138219,130743,79.60%,0,0,0,0,0,0,0,0,0,0,0,0,0,0,0,0,0,0,0,0,0,0,0,0,0,0,0,0,0,0,0,0,0,0,0,0,0,0,0,0,0,0,0,0,0,0,0,3656,0,0,94369,0,0,4387,0,0,0,0,0,0,0,0,0,0,0,0,0,0,0,0,0,0,0,0,0,0,0,28331,0,0,0,0,0,0,0
Mandalay Region,Singu,102989,76152,72334,73.94%,0,0,0,0,0,0,0,0,0,0,0,0,0,0,0,0,0,0,0,0,0,0,0,0,0,0,0,0,0,0,0,0,0,0,0,0,0,0,0,0,0,0,0,0,0,0,0,0,0,2384,54364,0,0,2168,0,0,0,0,0,0,0,0,0,0,0,0,0,0,0,0,0,0,0,0,0,0,0,13418,0,0,0,0,0,0,0
Mandalay Region,Mogoke,128336,75418,71363,58.77%,0,0,0,0,0,0,0,0,0,0,0,0,0,0,0,0,0,0,0,0,0,855,0,0,0,0,0,0,0,0,0,0,0,0,0,0,0,0,0,0,10949,0,0,0,0,0,0,0,0,0,45436,0,0,1669,0,0,0,0,0,0,0,0,0,0,0,0,1836,0,0,1838,0,0,0,0,0,0,0,8380,400,0,0,0,0,0,0
Mandalay Region,Thabeikkyin,96998,70700,65329,72.89%,0,0,0,0,0,0,0,0,0,0,0,0,0,0,0,0,0,0,0,0,0,0,0,0,0,0,0,0,0,0,0,0,0,0,0,0,0,0,0,0,0,0,0,0,0,0,0,0,0,2910,45349,0,0,2704,0,0,0,0,0,0,0,0,0,0,0,0,0,0,0,0,0,0,0,0,0,0,0,13663,703,0,0,0,0,0,0
Mandalay Region,Kyaukse,173202,147324,140402,85.06%,0,0,0,0,0,0,0,0,0,0,0,0,0,0,0,0,0,0,0,0,0,0,0,0,0,0,0,0,0,0,0,0,0,0,0,0,0,0,0,0,0,0,0,0,0,0,0,2411,0,4665,79256,0,0,2581,0,0,0,0,0,0,0,0,0,0,0,0,0,0,0,0,0,0,0,0,0,0,0,51489,0,0,0,0,0,0,0
Mandalay Region,Sintgaing,103108,85848,84113,83.26%,0,0,0,0,0,0,0,0,0,0,0,0,0,0,0,0,0,0,0,0,0,0,0,0,0,0,0,0,0,0,0,0,0,0,0,0,0,0,0,0,0,0,0,0,0,0,0,0,0,2142,58952,0,0,1443,0,0,0,0,0,0,0,0,0,0,0,0,0,0,0,0,0,0,0,0,0,0,0,21576,0,0,0,0,0,0,0
Mandalay Region,Myittha,144673,113833,106036,78.68%,0,0,0,0,0,0,0,0,0,0,0,0,0,0,0,0,0,0,0,0,0,0,0,0,0,0,0,0,0,0,0,0,0,0,0,0,0,0,0,0,0,0,0,0,0,1573,0,0,0,2885,65937,0,0,2549,0,0,0,0,0,0,0,0,0,0,0,0,0,0,0,0,0,0,0,0,0,0,0,33092,0,0,0,0,0,0,0
Mandalay Region,Tada-U,105756,85503,79999,80.85%,0,0,0,0,0,0,0,0,0,0,0,0,0,0,0,0,0,1866,0,0,0,0,0,0,0,0,0,0,0,0,0,0,0,0,0,0,0,0,0,0,0,0,0,0,0,0,0,1651,0,1382,49559,0,0,0,0,0,0,0,0,0,0,0,0,0,0,0,0,0,0,0,0,0,0,0,0,0,0,25541,0,0,0,0,0,0,0
Mandalay Region,Myingyan,211043,156498,148993,74.15%,0,0,0,0,0,0,0,0,0,0,0,0,0,0,0,0,0,1834,0,0,0,0,0,0,0,0,0,0,0,0,0,0,0,0,0,0,0,0,0,0,0,0,0,0,0,0,0,0,0,3391,113644,0,0,1809,0,0,0,0,0,0,0,0,0,0,0,0,0,0,0,0,0,0,0,0,0,0,0,28315,0,0,0,0,0,0,0
Mandalay Region,Taungtha,176505,112171,104290,63.55%,0,0,0,0,0,0,0,0,0,0,0,0,0,0,0,0,0,0,0,0,0,0,0,0,0,0,0,0,0,0,0,0,0,0,0,0,0,0,0,0,0,0,0,0,0,0,0,0,0,3602,64323,0,0,3027,0,0,0,0,0,0,0,0,0,0,0,0,0,0,0,0,0,0,0,0,0,0,0,33338,0,0,0,0,0,0,0
Mandalay Region,Natogyi,154231,108615,104079,70.42%,0,0,0,0,0,0,0,0,0,0,0,0,0,0,0,0,0,0,0,0,0,877,0,0,0,0,0,0,0,0,0,0,0,0,0,0,0,0,0,0,0,0,0,0,0,0,0,0,0,1730,58319,0,0,0,0,0,0,0,0,0,0,0,0,0,0,0,0,0,0,0,0,0,0,0,0,0,0,43153,0,0,0,0,0,0,0
Mandalay Region,Kyaukpadaung,220620,150413,142795,68.18%,0,0,0,0,0,0,0,0,0,0,0,0,0,0,0,0,0,0,0,0,0,0,0,0,0,0,0,0,0,0,0,0,0,0,0,0,0,0,0,0,0,0,0,0,0,0,0,0,0,3583,96223,0,0,0,0,0,0,0,0,0,0,0,0,0,0,0,0,0,0,0,0,0,0,0,0,0,0,42989,0,0,0,0,0,0,0
Mandalay Region,Ngazun,95462,69375,65224,72.67%,0,0,0,0,0,0,0,0,0,0,0,0,0,0,0,0,0,0,0,0,0,0,0,0,0,0,0,0,0,0,0,0,0,0,0,0,0,0,0,0,0,0,0,0,0,0,0,0,0,1132,46863,0,0,1842,0,0,0,0,0,0,0,0,0,0,0,0,0,0,0,0,0,0,0,0,0,0,0,14940,447,0,0,0,0,0,0
Mandalay Region,Nyaung-U,197735,143140,134907,72.39%,0,0,0,0,0,0,0,0,0,0,0,0,0,0,0,0,0,0,0,0,0,0,0,0,0,0,0,0,0,0,0,0,0,0,0,0,0,0,0,0,0,0,0,0,0,0,0,0,0,2983,98978,0,0,0,0,0,0,0,0,0,0,0,0,0,0,0,0,0,0,0,0,0,0,0,0,0,0,32946,0,0,0,0,0,0,0
Mandalay Region,Yamethin,182110,141968,133182,77.96%,0,0,0,0,0,0,0,0,0,0,0,0,0,0,0,0,0,0,0,0,0,0,0,0,0,0,0,0,0,0,0,0,0,0,0,0,0,0,0,0,0,0,0,0,0,0,0,0,0,0,54743,0,0,6515,0,0,0,0,0,0,0,0,0,0,0,0,0,0,0,0,0,0,0,0,0,0,0,71924,0,0,0,0,0,0,0
Mandalay Region,Pyawbwe,194311,155804,145925,80.18%,0,0,0,0,0,0,0,0,0,0,0,0,0,0,0,0,0,0,0,0,0,0,0,0,0,0,0,0,0,0,0,0,0,0,0,0,0,0,0,0,0,0,0,0,0,0,0,0,0,0,57517,0,0,6026,0,0,0,0,0,0,0,0,0,0,0,0,0,0,0,0,0,0,0,0,0,0,0,82382,0,0,0,0,0,0,0
Mandalay Region,Meiktila,259451,175394,163786,67.60%,0,0,0,0,0,0,0,0,0,0,0,0,0,0,0,0,0,0,0,0,0,0,0,0,0,0,0,0,0,0,0,0,0,0,0,0,0,0,0,0,0,0,0,0,0,0,0,5172,0,0,59277,0,0,0,0,0,0,0,0,0,0,0,0,0,0,0,0,0,0,0,0,0,0,0,0,0,0,96314,3023,0,0,0,0,0,0
Mandalay Region,Mahlaing,126306,85910,81594,68.02%,0,0,0,0,0,0,0,0,0,0,0,0,0,0,0,0,0,3455,0,0,0,0,0,0,0,0,0,0,0,0,0,0,0,0,0,0,0,0,0,0,0,0,0,0,0,0,0,2351,0,0,41674,0,0,0,0,0,0,0,0,0,0,0,0,0,0,0,0,0,0,0,0,0,0,0,0,0,0,34114,0,0,0,0,0,0,0
Mandalay Region,Thazi,148155,111850,106735,75.50%,0,0,0,0,0,0,0,0,0,0,0,0,0,0,0,0,0,0,0,0,0,0,0,0,0,0,0,0,0,0,0,0,0,0,0,0,0,0,0,0,0,0,0,0,0,0,0,0,0,6418,40480,0,0,0,0,0,0,0,0,0,0,0,0,0,0,0,0,0,0,0,0,0,0,0,0,0,0,59837,0,0,0,0,0,0,0
Mandalay Region,Wundwin,175805,140855,132552,80.12%,0,0,0,0,0,0,0,0,0,0,0,0,0,0,0,0,0,0,0,0,0,0,0,0,0,0,0,0,0,0,0,0,0,0,0,0,0,0,0,0,0,0,0,0,0,0,0,3466,0,0,74974,0,0,4355,0,0,0,0,0,0,0,0,0,0,0,0,0,0,0,0,0,0,0,0,0,0,0,49757,0,0,0,0,0,0,0
Mandalay Region,Zay Yar Thi Ri,73060,62267,58482,85.23%,0,0,0,0,0,0,0,0,0,0,0,0,0,0,0,0,0,0,0,0,0,0,0,0,0,0,0,0,0,0,0,0,0,0,0,0,0,0,0,0,0,0,0,0,0,0,0,0,0,0,20856,0,0,922,0,0,0,0,0,0,0,0,0,0,0,0,0,0,0,0,0,0,0,0,0,0,0,36704,0,0,0,0,0,0,0
Mandalay Region,Poke Ba Thi Ri,70697,58458,55195,82.69%,0,0,0,0,0,0,0,0,0,0,0,0,0,0,0,0,0,0,0,0,0,729,0,0,0,0,0,0,0,0,0,0,0,0,0,0,0,0,0,0,0,0,0,0,0,0,0,0,0,0,27321,0,0,0,0,0,0,0,0,0,0,0,0,0,0,0,0,0,0,0,0,0,0,0,0,0,0,27145,0,0,0,0,0,0,0
Mandalay Region,Oke Ta Ra Thi Ri,45631,34474,32302,75.55%,0,0,0,0,0,0,0,0,0,0,0,0,0,0,0,0,0,0,0,0,0,0,0,0,0,0,0,0,0,0,0,0,0,0,0,0,0,0,0,0,0,0,0,0,0,0,0,540,0,0,16914,0,0,1142,0,0,0,0,0,0,0,0,0,0,0,0,0,0,0,0,0,0,0,0,0,0,0,13706,0,0,0,0,0,0,0
Mandalay Region,Za Bu Thi Ri,59635,48337,46426,81.05%,0,0,0,0,0,0,0,0,0,0,0,0,0,0,0,0,0,0,0,0,0,0,0,0,0,0,0,0,0,0,0,0,0,0,0,0,0,0,0,0,0,0,0,0,0,0,0,591,0,0,23750,0,0,1023,0,0,0,0,0,0,0,0,0,0,0,0,0,0,0,0,0,0,0,0,0,0,0,21062,0,0,0,0,0,0,0
Mandalay Region,Det Khi Na Thi Ri,22433,18102,17033,80.69%,0,0,0,0,0,0,0,0,0,0,0,0,0,0,0,0,0,0,0,0,0,0,0,0,0,0,0,0,0,0,0,0,0,0,0,0,0,0,0,0,0,0,0,0,0,0,0,0,0,0,9421,0,0,316,0,0,0,0,0,0,0,0,0,0,0,0,0,0,0,0,0,0,0,0,0,0,0,7296,0,0,0,0,0,0,0
Mandalay Region,Pyinmana,121812,88057,82039,72.29%,0,0,0,0,0,0,0,0,0,0,0,0,0,0,0,0,0,0,0,0,0,9884,0,0,0,0,0,0,0,0,0,0,0,0,0,0,0,0,0,0,0,0,0,0,0,0,5049,1680,0,0,45799,0,0,1118,0,0,0,0,0,0,0,0,0,0,0,0,0,0,0,0,0,0,0,0,0,0,0,18509,0,0,0,0,0,0,0
Mandalay Region,Tatkon,162428,121595,112457,74.86%,0,0,0,0,0,0,0,0,0,0,0,0,0,0,0,0,0,0,0,0,0,2373,19882,0,0,0,0,0,0,0,0,0,0,0,0,0,0,0,0,0,0,0,0,0,0,0,0,0,0,0,47424,0,0,3213,0,0,0,0,0,0,0,0,0,0,0,0,0,0,0,0,0,0,0,0,0,0,0,39565,0,0,0,0,0,0,0
Mandalay Region,Lewe,196916,129712,125506,65.87%,0,0,0,0,0,0,0,0,0,0,0,0,0,0,0,0,0,0,0,0,0,11536,0,0,0,0,0,0,0,0,0,0,0,0,0,0,0,0,0,0,0,0,0,0,0,0,0,6685,0,0,57439,0,0,5029,0,0,0,0,0,0,0,0,0,0,0,0,0,0,0,0,0,0,0,0,0,0,0,44817,0,0,0,0,0,0,0
Mon State,Mawlamyine,205372,118776,114207,57.83%,0,0,0,0,0,0,0,0,0,0,0,0,0,0,0,0,0,0,0,0,0,1118,0,0,0,0,0,0,0,0,0,0,0,0,0,0,0,0,0,0,0,0,5817,0,0,0,0,0,0,1909,75151,0,0,0,0,0,0,0,0,0,0,0,0,0,0,0,0,0,0,0,0,0,0,0,0,0,0,30212,0,0,0,0,0,0,0
Mon State,Kyaikmaraw,157468,68011,62164,43.19%,0,0,8000,0,0,0,0,0,0,0,0,0,0,0,0,0,0,0,0,0,0,0,0,0,0,0,0,0,0,0,0,0,0,0,0,0,0,0,0,0,0,0,7404,0,0,0,0,1285,0,0,21447,0,0,0,0,0,0,0,0,0,0,0,2581,0,0,0,0,0,0,0,0,3428,0,0,0,0,0,18019,0,0,0,0,0,0,0
Mon State,Chaungzon,127249,56573,53294,44.46%,0,0,10120,0,0,0,0,0,0,0,0,0,0,0,0,0,0,0,0,0,0,0,0,0,0,0,0,0,0,0,0,0,0,0,0,0,0,0,0,0,0,0,2981,0,0,0,0,0,0,0,23580,0,0,0,0,0,0,0,0,0,0,0,0,0,0,0,0,0,0,0,0,0,0,0,0,0,0,16613,0,0,0,0,0,0,0
Mon State,Thabyuzayat,124300,56952,53929,45.82%,0,0,3109,0,0,0,0,0,0,0,0,0,0,0,0,0,0,0,0,0,0,1645,2506,0,0,0,0,0,0,0,0,0,0,0,0,0,0,0,0,0,0,0,9780,0,0,0,0,0,0,0,23889,0,0,0,0,0,0,0,0,0,0,0,0,0,0,0,0,0,0,0,0,0,0,0,0,0,0,13000,0,0,0,0,0,0,0
Mon State,Mudon,165376,76836,63923,46.46%,0,0,0,0,0,0,0,0,0,0,0,0,0,0,0,0,0,0,0,0,0,0,0,0,0,0,0,0,0,0,0,0,0,0,0,0,0,0,0,0,0,0,18127,0,0,0,0,749,0,550,28663,0,0,585,0,0,0,0,0,0,0,0,0,0,0,0,0,0,0,0,0,0,0,0,0,0,0,14357,0,0,0,0,892,0,0
Mon State,Ye,168826,81719,73361,48.40%,0,0,13043,0,0,0,0,0,0,0,0,0,0,0,0,0,0,0,0,0,0,0,0,0,0,0,0,0,0,0,0,0,0,0,0,0,0,0,0,0,0,0,18712,0,0,0,0,0,0,0,30406,0,0,0,0,0,0,0,0,0,0,0,0,0,0,0,0,0,0,0,0,0,0,0,0,0,0,11200,0,0,0,0,0,0,0
Mon State,Thaton,175938,96896,89489,55.07%,483,0,0,0,0,0,0,0,0,0,0,0,0,0,0,0,0,0,0,0,0,2525,0,0,0,0,0,0,0,0,0,0,0,0,4524,0,0,0,0,0,0,0,0,0,0,0,0,0,0,2182,48283,0,0,2946,0,0,0,0,5439,0,0,0,0,0,0,0,0,0,0,0,0,0,0,0,0,0,0,23107,0,0,0,0,0,0,0
Mon State,Paung,172157,85303,78575,49.55%,0,0,4512,0,0,0,0,0,0,0,0,0,0,0,0,0,0,0,0,0,0,1302,0,0,0,0,0,0,0,0,0,0,0,0,0,0,0,0,0,0,0,0,6928,0,0,0,0,1366,0,1364,32831,0,0,2846,0,0,0,0,0,0,0,0,2081,0,0,0,0,0,0,0,0,2597,0,0,0,0,0,22748,0,0,0,0,0,0,0
Mon State,Kyaikto,110779,74468,68103,67.22%,0,0,0,0,0,0,0,0,0,0,0,0,0,0,0,0,0,0,0,332,0,0,0,0,0,0,0,0,0,0,0,0,0,0,0,0,0,0,0,0,0,0,2165,0,0,0,0,0,0,1030,42139,0,0,1763,0,0,0,0,0,0,0,0,0,0,0,0,0,0,0,0,0,0,0,0,0,0,0,20674,0,0,0,0,0,0,0
Mon State,Bilin,127021,72217,64305,56.85%,0,0,0,0,0,0,0,0,0,0,0,0,0,0,0,0,0,0,0,0,0,0,0,0,0,0,0,0,0,0,0,0,0,0,0,0,0,0,0,0,0,0,0,0,0,0,0,1643,0,2329,35341,0,0,2546,0,0,0,0,0,0,0,0,0,0,0,0,0,0,0,0,0,0,0,0,0,0,0,22446,0,0,0,0,0,0,0
Rakhine State,Sittwe,103946,71179,65692,68.48%,0,0,0,0,44027,1877,0,0,0,0,0,0,0,0,0,0,0,0,0,0,0,0,0,0,0,0,0,0,0,0,0,0,0,0,0,0,0,0,0,0,0,0,0,0,0,0,0,0,0,0,2140,0,0,832,0,0,0,0,0,0,0,0,0,0,0,0,0,0,0,0,0,0,0,0,0,0,0,16816,0,0,0,0,0,0,0
Rakhine State,Ponnagyun,94810,61249,54970,64.60%,0,0,0,0,32465,0,0,0,0,0,0,0,0,0,0,0,0,0,0,0,0,1895,0,0,0,0,0,0,0,0,0,0,0,0,0,0,0,0,0,0,0,0,0,0,0,0,0,0,0,0,7943,0,0,2371,0,0,0,0,0,0,0,0,0,0,0,0,0,0,0,0,0,0,0,0,0,0,0,10296,0,0,0,0,0,0,0
Rakhine State,Mrauk-U,141446,95587,88643,67.58%,0,0,0,0,67030,0,0,0,0,0,0,0,0,0,0,0,0,0,0,0,0,0,0,0,0,0,0,0,0,0,0,0,0,0,0,3278,0,0,0,0,0,0,0,3389,0,0,0,0,0,0,3384,0,0,1938,0,0,0,0,0,0,0,0,0,0,0,0,0,0,0,0,0,0,0,0,0,0,0,9624,0,0,0,0,0,0,0
Rakhine State,Kyauktaw,130730,84803,81922,64.87%,0,0,0,0,55725,1945,0,0,0,0,0,0,0,0,0,0,0,0,0,0,0,0,0,0,0,0,0,0,0,0,0,0,0,0,0,0,0,0,0,0,0,0,0,0,0,0,0,0,0,0,5660,0,0,1680,0,0,0,0,0,0,0,0,0,0,0,0,0,0,0,0,0,0,0,0,0,0,0,16912,0,0,0,0,0,0,0
Rakhine State,Minbya,117318,80120,72525,68.29%,0,0,0,0,45047,0,0,0,2715,0,0,0,0,0,0,0,0,0,0,0,0,0,0,0,0,0,0,0,0,0,0,0,0,0,0,0,0,0,0,0,0,0,0,0,0,0,0,0,0,0,4191,0,0,1652,0,0,0,0,0,0,0,0,0,0,2808,0,0,0,0,0,0,0,0,0,0,0,0,16112,0,0,0,0,0,0,0
Rakhine State,Myebon,87111,56627,49931,65.01%,0,0,0,0,25345,3598,0,0,0,0,0,0,0,0,0,0,0,0,0,0,0,0,0,0,0,0,0,0,0,0,0,0,0,0,0,0,0,0,0,0,0,0,0,0,0,0,0,0,0,0,5873,0,0,1453,0,0,0,0,0,0,0,0,0,0,0,0,0,0,0,0,0,0,0,0,0,0,0,13662,0,0,0,0,0,0,0
Rakhine State,Pauktaw,98159,62082,55479,63.25%,0,0,0,0,40843,2184,0,0,0,0,0,0,0,0,0,0,0,0,0,0,0,1245,0,0,0,0,0,0,0,0,0,0,0,0,0,0,0,0,0,0,0,0,0,0,0,0,0,0,0,0,1517,0,0,1214,0,0,0,0,0,0,0,0,0,0,0,0,0,0,0,0,0,0,0,0,0,0,0,8476,0,0,0,0,0,0,0
Rakhine State,Rathedaung,87875,54366,48754,61.87%,0,0,0,0,38751,0,0,0,0,0,0,0,0,0,0,0,0,0,0,0,0,0,0,0,0,0,0,0,0,0,0,0,0,0,0,0,0,0,0,0,0,0,0,0,0,0,0,0,0,0,1595,0,0,1154,0,0,0,0,0,0,0,0,0,0,0,0,0,0,0,0,0,0,0,0,0,0,0,7254,0,0,0,0,0,0,0
Rakhine State,Maungdaw,24008,19039,17409,79.30%,0,0,0,0,9000,0,0,0,0,0,0,0,0,0,0,0,0,0,0,0,0,0,0,0,0,0,0,0,0,0,0,0,0,0,0,0,0,0,0,0,0,0,0,0,0,0,0,0,0,0,814,0,0,0,0,0,0,0,0,0,0,0,0,0,0,0,0,0,0,0,0,0,0,0,0,0,0,7595,0,0,0,0,0,0,0
Rakhine State,Buthidaung,36069,29234,26442,81.05%,0,0,0,0,12018,0,0,0,0,0,0,0,0,0,0,0,0,0,0,0,0,328,0,0,0,0,0,0,0,0,0,0,0,0,0,1833,0,0,0,0,0,0,0,0,1053,0,0,0,0,0,714,0,0,0,0,0,0,0,0,0,0,0,0,0,0,0,0,0,0,0,0,0,0,0,0,0,0,10496,0,0,0,0,0,0,0
Rakhine State,Kyaukpyu,108776,71713,59806,65.93%,0,0,0,0,27138,0,0,0,0,0,0,0,0,0,0,0,0,0,0,0,0,1029,3866,380,1197,0,0,0,0,0,0,0,0,0,0,0,0,0,0,0,0,0,0,0,0,0,0,0,0,0,7926,0,0,0,0,0,0,0,0,0,0,0,0,0,4210,0,0,0,0,0,0,0,0,0,0,0,0,14060,0,0,0,0,0,0,0
Rakhine State,Munaung,47598,32586,30172,68.46%,0,0,0,0,6571,835,0,0,0,0,0,0,0,0,0,0,0,0,0,0,0,0,0,0,0,0,0,0,0,0,0,0,0,0,0,0,0,0,0,0,0,0,0,0,0,0,0,0,0,0,13198,0,0,1086,0,0,0,0,0,0,0,0,0,0,0,0,0,0,0,0,0,0,0,0,0,0,0,8482,0,0,0,0,0,0,0
Rakhine State,Ramree,72128,48995,44072,67.93%,0,0,0,0,19650,0,0,0,0,0,0,0,0,0,0,0,0,0,0,0,0,0,0,0,0,0,0,0,0,0,0,0,0,0,0,0,0,0,0,0,0,0,0,0,0,0,0,0,0,0,6781,0,0,0,0,0,0,0,0,0,0,0,0,0,2934,0,0,0,0,0,0,0,0,0,0,0,0,14707,0,0,0,0,0,0,0
Rakhine State,Ann,73799,50159,42825,67.97%,0,0,0,0,12532,0,0,1886,1576,0,0,0,0,0,0,0,0,0,0,0,0,0,0,0,0,0,0,0,0,0,0,0,0,0,0,0,0,0,0,0,0,0,0,0,0,0,0,0,0,0,11081,0,0,2713,0,0,0,0,0,0,0,0,0,0,0,0,0,0,0,0,0,0,0,0,0,0,0,13037,0,0,0,0,0,0,0
Rakhine State,Thandwe,89365,67952,63729,76.04%,0,0,0,0,17847,0,0,0,0,0,0,0,0,0,0,0,0,0,0,0,0,707,0,0,0,0,0,0,0,0,0,0,0,0,0,0,0,0,0,0,0,0,0,0,0,0,0,0,0,0,23551,0,0,1471,0,0,0,0,0,0,0,0,0,0,3492,0,0,0,0,0,0,0,0,0,0,0,0,16661,0,0,0,0,0,0,0
Rakhine State,Toungup,105921,75336,67690,71.12%,0,0,0,0,18097,0,0,0,0,0,0,0,0,0,0,0,0,0,0,0,0,0,0,0,0,0,0,0,0,0,0,0,0,0,0,0,0,0,0,0,0,0,0,0,0,0,0,0,0,0,28134,0,0,2565,0,0,0,0,0,0,0,0,0,0,2853,0,0,0,0,0,0,0,0,0,0,0,0,16041,0,0,0,0,0,0,0
Rakhine State,Gwa,47733,38712,35491,81.10%,0,0,0,0,3803,0,0,0,0,0,0,0,0,0,0,0,0,0,0,0,0,0,0,0,0,0,0,0,0,0,0,0,0,0,0,0,0,0,0,0,0,0,0,0,0,0,0,0,0,0,22263,0,0,1855,0,0,0,0,0,0,0,0,0,0,0,0,0,0,0,0,0,0,0,0,0,0,0,7570,0,0,0,0,0,0,0
Yangon Region,Insein,185718,141727,131258,76.31%,0,0,0,0,0,0,0,0,0,0,0,0,0,0,0,0,0,0,0,533,0,1533,361,0,0,0,0,0,0,0,0,0,0,0,1709,0,0,0,0,0,0,0,0,0,0,0,0,0,0,1103,99702,0,0,1351,0,0,0,0,0,0,0,0,0,0,0,0,0,0,0,0,0,0,0,0,0,0,0,24733,233,0,0,0,0,0,0
Yangon Region,Mingaladon,262308,121551,115889,46.34%,0,0,0,0,0,0,0,0,0,0,0,0,0,0,0,0,0,0,0,0,0,4177,0,0,0,0,0,0,0,0,0,0,0,0,0,0,0,0,0,0,0,0,0,0,0,0,0,0,0,0,69141,0,0,0,800,0,0,0,0,0,0,0,0,0,0,0,0,0,0,0,0,0,0,0,0,0,0,41771,0,0,0,0,0,0,0
Yangon Region,Hmawbi,159716,117516,113025,73.58%,0,0,0,0,0,0,0,0,0,0,0,0,0,0,0,0,2138,0,0,0,0,545,0,0,0,0,0,0,0,0,0,0,0,0,2290,0,0,0,0,0,0,0,0,0,0,0,0,0,0,1966,60693,0,0,0,0,0,0,0,0,592,0,0,0,0,0,0,0,0,0,0,0,0,0,0,0,0,0,44801,0,0,0,0,0,0,0
Yangon Region,Hlegu,172188,123471,117922,71.71%,0,0,0,0,0,0,0,0,0,0,0,0,0,0,0,0,0,0,0,0,0,0,0,0,0,0,0,0,0,0,0,0,0,0,0,0,0,0,0,0,0,0,0,0,0,1256,0,0,0,1719,66653,0,0,0,0,0,0,0,0,639,0,0,0,0,0,0,0,0,0,0,0,0,0,0,0,0,0,47655,0,0,0,0,0,0,0
Yangon Region,Taikkyi,218555,148609,140301,68.00%,0,0,0,0,0,0,0,0,0,0,0,0,0,0,0,0,0,0,0,0,0,0,0,0,0,0,0,0,0,0,0,0,0,0,0,0,0,0,0,0,0,0,0,0,0,2616,0,0,0,3684,86293,0,0,5482,0,0,0,0,0,0,0,0,0,0,0,0,0,0,0,0,0,0,0,0,0,0,0,42226,0,0,0,0,0,0,0
Yangon Region,Htantabin,95713,74843,69732,78.20%,0,0,0,0,0,0,0,0,0,0,0,0,0,0,0,0,0,0,0,0,0,0,0,0,0,0,0,0,0,0,0,0,0,0,1138,0,0,0,0,0,0,0,0,0,0,0,0,2316,0,0,37917,0,0,0,0,0,0,0,0,0,0,0,0,0,0,0,0,0,0,0,0,2277,0,0,0,0,0,25637,447,0,0,0,0,0,0
Yangon Region,Shwepyithar,216825,145977,139149,67.32%,0,0,0,0,2446,0,0,0,0,0,0,0,0,0,0,0,0,0,0,0,0,256,0,0,0,0,0,0,0,0,0,0,0,0,0,0,0,0,0,0,0,0,0,0,0,1515,0,0,0,2510,104129,0,0,0,0,0,474,0,0,0,0,0,0,0,0,0,0,0,0,0,0,0,0,0,0,0,0,27125,694,0,0,0,0,0,0
Yangon Region,Hlaingtharya,454307,166784,148753,36.71%,0,0,0,0,4911,0,0,0,0,0,0,0,0,0,0,1273,1291,0,0,2631,0,0,0,0,0,0,0,0,0,0,0,0,0,0,0,0,0,0,0,0,0,0,0,0,0,0,0,1632,0,1007,103832,0,0,2649,0,0,565,0,0,0,0,0,0,3509,0,0,0,0,0,0,0,5756,0,0,0,0,0,18716,981,0,0,0,0,0,0
Yangon Region,Thingangyun,131586,98358,96402,74.75%,0,0,0,0,0,0,0,0,0,0,0,0,0,0,0,0,0,0,0,0,0,1033,0,0,0,0,0,0,0,0,0,0,0,0,0,0,0,0,0,0,0,0,0,0,0,135,0,0,101,717,76970,0,992,478,0,0,5253,0,0,0,0,0,0,0,0,0,0,0,0,0,0,0,0,0,0,0,0,10592,131,0,0,0,0,0,0
Yangon Region,Yankin,66079,36216,35347,54.81%,0,0,0,0,157,0,0,0,0,0,0,0,0,0,0,0,0,0,0,163,0,0,0,0,0,0,0,0,0,0,0,0,0,0,0,0,0,0,0,0,0,0,0,0,0,0,0,344,0,351,27392,0,0,317,0,0,0,0,0,0,0,0,0,0,0,0,0,0,0,0,0,0,0,0,0,0,0,6623,0,0,0,0,0,0,0
Yangon Region,South Okkalapa,191899,85232,83207,44.42%,0,0,0,0,0,0,0,0,0,0,0,0,0,0,0,0,0,0,0,0,0,0,0,0,0,0,0,0,0,0,0,0,0,0,0,0,0,0,0,0,0,0,0,0,0,0,1796,994,0,650,67291,0,0,0,0,0,0,0,0,0,0,0,0,0,0,0,0,0,0,0,0,0,0,0,0,0,0,12476,0,0,0,0,0,0,0
Yangon Region,North Okkalapa,224099,135179,130287,60.32%,0,0,0,0,0,0,0,0,0,0,0,0,0,0,0,0,0,0,0,0,0,623,0,0,0,0,0,0,0,0,0,0,0,0,0,0,0,0,0,0,0,0,0,0,0,671,0,2585,0,1743,104490,0,0,0,0,0,0,0,0,386,0,0,0,0,0,0,0,0,0,0,0,0,0,0,0,0,0,19789,0,0,0,0,0,0,0
Yangon Region,Thaketa,131811,102355,98868,77.65%,0,0,0,0,0,0,0,0,0,0,0,0,0,0,0,0,0,0,0,0,0,0,0,0,0,0,0,0,0,0,0,0,0,0,0,0,0,0,0,0,0,0,0,0,0,0,0,1054,0,0,80523,0,0,808,0,0,743,0,0,460,0,0,0,0,0,0,0,0,0,0,0,0,0,0,0,0,0,15280,0,0,0,0,0,0,0
Yangon Region,Dawbon,41606,31522,30658,75.76%,0,0,0,0,0,0,0,0,0,0,0,0,0,0,0,0,0,0,0,0,0,0,0,0,0,0,0,0,0,0,0,0,0,0,0,0,0,0,0,0,0,0,0,0,0,0,0,1051,0,191,22769,0,0,675,0,0,0,0,0,0,0,0,0,0,0,0,0,0,0,0,0,0,0,0,0,0,0,5972,0,0,0,0,0,0,0
Yangon Region,Tamwe,92987,70868,69552,76.21%,0,0,0,0,0,0,0,0,0,0,0,0,0,0,0,0,0,0,0,0,0,0,0,0,0,0,0,0,0,0,0,0,0,0,0,0,0,0,0,0,0,0,0,0,0,0,0,764,0,310,60408,0,381,516,0,0,0,0,0,0,0,0,105,0,0,0,0,0,0,0,0,0,0,0,0,0,0,6964,104,0,0,0,0,0,0
Yangon Region,Pazundaung,31056,21803,21560,70.21%,0,0,0,0,0,0,0,0,0,0,0,0,0,0,0,0,0,0,0,0,0,0,0,0,0,0,0,0,0,0,0,0,0,0,0,0,0,0,0,0,0,0,0,0,0,0,0,284,0,116,19129,0,0,165,0,0,0,0,0,0,0,0,0,0,0,0,0,0,0,0,0,0,0,0,0,0,0,1866,0,0,0,0,0,0,0
Yangon Region,Botahtaung,39776,23272,22868,58.51%,0,0,0,0,0,0,0,0,0,0,0,0,0,0,0,0,0,0,0,0,0,0,0,0,0,0,0,0,0,0,0,0,0,0,0,0,0,0,0,0,0,0,0,0,0,0,0,491,0,174,16419,0,0,140,0,0,0,0,0,0,0,0,0,0,0,0,0,0,0,0,0,0,0,0,0,0,0,5644,0,0,0,0,0,0,0
Yangon Region,Mingalartaunyunt,82138,61020,59583,74.29%,0,0,0,0,0,0,0,0,0,0,0,0,0,0,0,0,0,0,0,137,0,0,0,0,0,0,0,121,0,0,0,0,0,0,0,0,0,0,0,0,0,0,0,0,0,0,0,0,0,213,51970,0,648,0,0,0,263,0,0,0,0,0,0,0,0,0,0,0,0,0,0,0,0,0,0,0,0,6231,0,0,0,0,0,0,0
Yangon Region,Dagon Myothit(North),124126,95605,91948,77.02%,0,0,0,0,0,0,0,0,0,0,0,0,0,0,0,0,0,0,0,0,0,215,0,0,0,0,0,0,0,0,0,0,0,0,0,0,0,0,0,0,0,0,0,0,0,195,0,1761,0,1074,74762,0,0,720,0,0,0,0,0,0,0,0,0,0,0,0,0,0,0,0,0,0,0,0,0,0,0,13221,0,0,0,0,0,0,0
Yangon Region,Dagon Myothit(East),110949,79474,76496,71.63%,0,0,0,0,0,0,0,0,0,0,0,0,0,0,0,0,0,0,0,0,0,0,0,0,0,0,0,0,0,0,0,0,0,0,0,0,0,0,0,0,0,0,0,0,0,804,0,2071,0,1265,56086,0,0,0,0,0,0,0,0,0,0,0,0,0,0,0,0,0,0,0,0,0,0,0,0,0,0,16270,0,0,0,0,0,0,0
Yangon Region,Dagon Myothit(South),174041,130387,121879,74.92%,0,0,0,0,0,0,0,0,0,0,0,0,0,0,0,0,1918,1438,0,0,0,7883,11440,0,0,0,0,0,0,0,0,0,0,0,0,0,0,0,0,0,0,0,0,0,0,0,0,0,0,1255,90122,0,0,0,0,0,1541,0,0,0,0,0,0,0,0,0,0,0,0,0,0,6282,0,0,0,0,0,0,0,0,0,0,0,0,0
Yangon Region,Dagon Myothit(Seikkan),82304,39204,37494,47.63%,0,0,0,0,0,0,0,0,0,0,0,0,0,0,0,0,0,0,0,0,0,145,179,0,0,0,0,0,0,0,0,0,0,0,0,0,0,0,0,0,0,0,0,0,0,0,0,254,0,340,27378,0,0,0,0,0,285,0,0,0,0,0,0,0,0,0,0,0,0,0,0,757,0,0,0,0,0,8062,94,0,0,0,0,0,0
Yangon Region,Thanlyin,175723,124992,117027,71.13%,0,0,0,0,0,0,0,0,0,0,0,0,0,0,0,0,0,0,0,0,0,0,0,0,0,0,0,0,0,0,0,0,0,0,0,0,0,0,0,0,0,0,0,0,0,1667,0,0,0,1728,70380,0,0,0,0,0,0,0,0,0,0,0,0,0,0,0,0,0,0,0,0,5937,0,0,0,0,0,36732,583,0,0,0,0,0,0
Yangon Region,Kyauktan,129856,90718,84485,69.86%,0,0,0,0,0,0,0,0,0,0,0,0,0,0,0,1769,0,0,0,0,0,0,0,0,0,0,0,0,0,0,0,0,0,0,0,0,0,0,0,0,0,0,0,0,0,1757,0,0,0,0,45065,0,0,0,0,0,0,0,0,0,0,0,0,0,0,0,0,0,0,0,0,0,0,1398,0,0,0,34496,0,0,0,0,0,0,0
Yangon Region,Thongwa,120341,88084,83296,73.20%,0,0,0,0,0,0,0,0,0,0,0,0,0,0,0,0,0,0,0,0,0,0,0,0,0,0,0,0,0,0,0,0,0,0,0,0,0,0,0,0,0,0,0,0,0,2507,0,0,0,0,49616,0,0,1476,0,0,0,0,0,0,0,0,0,0,0,0,0,0,0,0,0,0,0,0,0,0,0,29697,0,0,0,0,0,0,0
Yangon Region,Kayan,119217,90911,82471,76.26%,0,0,0,0,0,0,0,0,0,0,0,0,0,0,0,0,0,2783,0,0,0,0,0,0,0,0,0,0,0,0,0,0,0,0,0,0,0,0,0,0,0,0,0,0,0,1690,0,0,0,0,46792,0,0,1786,0,0,0,0,0,0,0,0,0,0,0,0,0,0,0,0,0,0,0,0,0,0,0,29420,0,0,0,0,0,0,0
Yangon Region,Twantay,158671,123539,112437,77.86%,0,0,0,0,0,0,0,0,0,0,0,0,0,0,0,0,0,0,0,0,0,0,0,0,0,0,0,0,0,0,0,0,0,0,2964,0,0,0,0,0,0,1034,0,0,0,2941,0,2914,0,0,64663,0,0,3486,0,0,0,0,0,0,0,0,0,0,0,0,0,0,0,0,0,0,0,0,0,0,0,34435,0,0,0,0,0,0,0
Yangon Region,Kungyangon,83761,65817,62372,78.58%,0,0,0,0,0,0,0,0,0,0,0,0,0,0,0,0,0,0,0,0,0,0,0,0,0,0,0,0,0,0,0,0,0,0,486,0,0,0,0,0,0,0,0,0,0,1506,0,0,0,0,42144,0,0,957,0,0,0,0,0,0,0,0,0,0,0,0,0,0,0,0,0,0,0,0,0,0,0,16952,327,0,0,0,0,0,0
Yangon Region,Kawhmu,92138,74134,71309,80.46%,0,0,0,0,0,0,0,0,0,0,0,0,0,0,0,0,0,0,0,0,0,0,0,0,0,0,0,0,0,0,0,0,0,0,0,0,0,0,0,0,0,293,0,0,0,513,0,0,0,515,54676,0,0,0,0,0,0,0,0,0,0,0,0,0,0,0,0,0,0,0,0,0,0,0,0,0,0,15312,0,0,0,0,0,0,0
Yangon Region,Dala,113594,78059,73887,68.72%,0,0,0,0,0,0,0,0,0,0,0,0,0,0,0,0,0,0,0,0,0,1236,0,0,0,0,0,0,0,0,0,0,0,0,0,0,0,0,0,0,0,0,0,0,0,0,0,0,0,0,54144,0,0,0,0,0,0,0,0,0,0,0,0,0,0,0,0,0,0,0,0,0,0,0,0,0,0,18507,0,0,0,0,0,0,0
Yangon Region,Seikgyikanaungto,26715,16912,16090,63.31%,0,0,0,0,0,0,0,0,0,0,0,0,0,0,0,0,0,0,0,0,0,2007,0,0,0,0,0,0,0,0,0,0,0,0,0,0,0,0,0,0,0,0,0,0,0,94,0,0,0,278,8392,0,0,0,0,0,0,0,0,0,0,0,0,0,0,0,0,0,0,0,0,0,0,0,0,0,0,5319,0,0,0,0,0,0,0
Yangon Region,Cocokyun,1573,1491,1450,94.79%,0,0,0,0,0,0,0,0,0,0,0,0,0,0,0,0,0,0,0,0,0,0,0,0,0,0,0,0,0,0,0,0,0,0,0,0,0,0,0,0,0,0,0,0,0,0,0,0,0,0,246,0,0,0,0,0,0,0,0,0,0,0,0,0,0,0,0,0,0,0,0,0,0,0,0,0,0,1204,0,0,0,0,0,0,0
Yangon Region,Kyauktada,23290,15436,15216,66.28%,0,0,0,0,0,0,0,0,0,0,0,0,0,0,0,0,104,0,0,0,0,33,0,0,0,0,0,0,0,0,0,0,0,0,0,0,0,0,0,0,0,0,0,0,0,0,0,253,0,59,13136,0,0,66,0,0,0,108,0,0,0,0,0,0,0,0,0,0,0,0,0,0,0,0,0,0,0,1457,0,0,0,0,0,0,0
Yangon Region,Latha,22775,11684,11525,51.30%,0,0,0,0,0,0,0,0,0,0,0,0,0,0,0,0,0,0,0,0,0,0,0,0,0,0,0,0,0,0,0,0,0,0,0,0,0,0,0,0,0,0,0,0,0,0,0,292,0,88,9905,0,0,90,0,0,0,0,0,0,0,0,0,0,0,0,0,0,0,0,0,0,0,0,0,0,0,1150,0,0,0,0,0,0,0
Yangon Region,Pabedan,27207,15954,15634,58.64%,0,0,0,0,0,0,0,0,0,0,0,0,0,0,0,0,0,0,0,0,0,351,22,103,33,0,0,0,0,0,0,0,0,0,0,0,0,0,0,0,0,0,0,0,0,0,0,0,0,124,13567,0,0,183,0,24,0,0,0,0,0,0,0,0,0,0,0,0,0,0,0,0,0,0,0,0,0,1227,0,0,0,0,0,0,0
Yangon Region,Ahlone,46286,23754,23309,51.32%,0,0,0,0,0,0,0,0,0,0,0,0,0,0,0,0,0,0,0,0,0,148,0,0,0,0,0,0,0,0,0,0,0,0,113,0,0,0,0,0,0,0,0,0,0,0,0,1564,0,203,19226,0,0,0,0,0,0,0,0,0,0,0,0,0,0,0,0,0,0,0,0,0,0,0,0,0,0,2055,0,0,0,0,0,0,0
Yangon Region,Lanmadaw,33941,19889,19544,58.60%,0,0,0,0,0,0,0,0,0,0,0,0,0,0,0,0,52,0,0,0,0,0,0,0,0,0,0,0,0,0,0,0,0,0,0,0,0,0,0,0,0,0,0,0,0,0,0,267,0,0,17177,0,0,126,0,0,0,0,0,0,0,0,0,0,0,0,0,0,0,0,0,0,0,0,0,0,0,1922,0,0,0,0,0,0,0
Yangon Region,Kyeemyindaing,69814,49837,48554,71.39%,0,0,0,0,0,0,0,0,0,0,0,0,0,0,0,0,0,0,0,0,0,3046,0,0,0,0,0,0,0,0,0,0,0,0,0,0,0,0,0,0,0,0,0,0,0,0,0,985,0,784,38464,0,0,403,0,0,0,0,0,0,0,0,0,0,0,0,0,0,0,0,0,0,0,0,0,0,0,4872,0,0,0,0,0,0,0
Yangon Region,Sanchaung,62029,44089,43230,71.08%,0,0,0,0,0,0,0,0,0,0,0,0,0,0,0,0,231,0,0,187,0,0,0,0,0,0,0,0,0,0,0,0,0,0,0,0,0,0,0,0,0,0,0,0,0,0,0,779,0,207,37609,0,0,341,0,0,0,0,0,0,0,0,0,0,0,0,0,0,0,0,0,0,0,0,0,0,0,3876,0,0,0,0,0,0,0
Yangon Region,Kamaryut,58667,35132,34552,59.88%,0,0,0,0,0,0,0,0,0,0,0,0,0,0,0,0,0,0,0,0,0,63,398,0,0,0,0,0,0,0,0,0,0,0,0,0,0,0,0,0,0,0,0,0,0,0,0,232,0,166,29418,0,0,652,0,0,0,0,0,0,0,0,0,0,0,0,0,0,0,0,0,0,0,0,0,0,0,3623,0,0,0,0,0,0,0
Yangon Region,Hlaing,116324,75968,74078,65.31%,0,0,0,0,0,0,0,0,0,0,0,0,0,0,0,0,0,0,0,0,0,0,0,0,0,0,0,0,0,0,0,0,0,0,0,0,0,0,0,0,0,0,0,0,0,0,0,0,0,1081,61674,0,0,617,0,0,0,0,0,0,0,0,0,0,0,0,0,0,0,0,0,0,0,0,0,0,0,10706,0,0,0,0,0,0,0
Yangon Region,Mayangone,130369,90684,89528,69.56%,0,0,0,0,0,0,0,0,0,0,0,0,0,0,0,0,0,0,0,0,0,0,0,0,0,0,0,0,0,0,0,0,0,0,0,0,0,0,0,0,0,0,0,0,0,0,0,0,0,979,69795,0,0,0,0,0,0,0,0,0,0,0,0,0,0,0,0,0,0,0,0,0,0,0,0,0,0,18754,0,0,0,0,0,0,0
Yangon Region,Bahan,62006,42437,41754,68.44%,0,0,0,0,0,0,0,0,0,0,0,0,0,0,0,0,135,0,0,0,0,5328,55,0,0,0,0,0,0,0,0,0,0,0,0,0,0,0,0,0,0,0,0,0,0,0,0,0,0,167,31032,0,0,0,0,0,0,0,0,0,0,0,0,0,0,0,0,0,0,0,0,0,0,0,0,0,0,5037,0,0,0,0,0,0,0
Yangon Region,Dagon,24937,12759,12596,51.16%,0,0,0,0,0,0,0,0,0,0,0,0,0,0,0,0,0,0,0,0,0,0,0,0,0,0,0,0,0,0,0,0,0,0,0,0,0,0,0,0,0,0,0,0,0,0,0,209,0,0,8431,0,0,193,0,0,0,0,0,0,0,0,0,0,0,0,0,0,0,0,0,0,0,0,0,0,0,3763,0,0,0,0,0,0,0
Yangon Region,Seikkan,1950,1300,1273,66.67%,0,0,0,0,0,0,0,0,0,0,0,0,0,0,0,0,0,0,0,0,0,0,0,0,0,0,0,0,0,0,0,0,0,0,0,0,0,0,0,0,0,0,0,0,0,0,0,25,0,3,726,0,0,0,0,0,0,0,0,0,0,0,0,0,0,0,0,0,0,0,0,0,0,0,0,0,0,519,0,0,0,0,0,0,0
Shan State,Taunggyi,278846,201766,187383,72.36%,0,0,0,0,0,0,0,0,0,0,0,1551,0,0,0,0,0,0,0,0,0,0,0,0,0,0,0,0,0,0,0,0,0,0,0,0,0,0,0,0,0,0,0,0,0,0,0,0,0,0,65799,0,0,0,0,0,0,0,65169,0,0,0,0,0,0,0,2649,6807,0,0,0,0,0,0,0,0,0,45408,0,0,0,0,0,0,0
Shan State,Hopong,75072,52307,49460,69.68%,0,0,0,0,0,0,0,0,0,0,0,0,0,0,0,0,0,0,0,0,0,0,0,0,0,0,0,0,0,0,0,0,0,0,0,0,0,0,0,0,0,0,0,0,0,0,0,0,0,0,5516,0,0,0,0,0,0,0,35746,0,0,0,0,0,0,0,1041,6484,0,0,0,0,0,0,0,0,673,0,0,0,0,0,0,0,0
Shan State,Nyaungshwe,124507,101904,94770,81.85%,0,0,0,0,0,0,0,0,0,0,0,0,0,0,0,0,0,0,0,3007,0,751,0,0,0,7160,4322,0,0,0,0,0,0,0,0,0,0,0,0,0,0,0,0,0,0,0,0,0,0,0,49965,0,0,0,0,0,0,0,0,0,0,0,0,0,0,0,0,0,0,0,0,0,0,0,0,0,0,29565,0,0,0,0,0,0,0
Shan State,Hsihseng,95770,70986,65256,74.12%,0,0,0,0,0,0,0,0,0,0,0,0,0,0,0,0,0,0,0,0,0,0,0,0,0,0,0,0,0,0,0,0,0,0,0,0,0,0,0,0,0,0,0,0,0,0,0,0,0,0,9053,0,0,0,0,0,0,0,45244,0,0,0,0,0,0,0,1218,8024,0,0,0,0,0,0,0,0,1717,0,0,0,0,0,0,0,0
Shan State,Kalaw,119044,97496,89347,81.90%,0,0,0,0,0,0,0,0,0,0,0,3312,0,0,0,0,0,0,0,1492,0,0,0,0,0,0,0,0,0,0,0,0,0,0,0,0,0,0,0,0,0,0,0,0,0,0,0,0,0,0,46537,0,0,0,0,0,0,0,0,0,0,0,0,0,0,0,0,0,0,0,0,0,0,0,0,0,0,38006,0,0,0,0,0,0,0
Shan State,Pindaya,54507,47522,43501,87.19%,0,0,0,0,0,0,0,0,0,0,0,2500,1304,0,0,0,0,0,0,0,0,890,0,0,0,0,0,0,0,0,0,0,0,0,0,0,0,0,0,0,0,0,0,0,0,0,0,0,0,0,21638,0,0,855,0,0,0,0,0,0,0,0,0,0,0,0,0,0,0,0,0,0,0,0,0,0,0,16314,0,0,0,0,0,0,0
Shan State,Ywangan,54737,48633,45071,88.85%,0,0,0,0,0,0,0,0,0,0,0,7907,2971,0,0,0,0,0,0,0,0,0,0,0,0,0,0,0,0,0,0,0,0,0,0,0,0,0,0,0,0,0,0,0,0,0,0,0,0,0,17183,0,0,0,0,0,0,0,0,0,0,0,0,0,0,0,0,0,0,0,0,0,0,0,0,0,0,17010,0,0,0,0,0,0,0
Shan State,Lawksawk,100966,78588,72839,77.84%,0,0,0,0,0,0,0,0,0,0,0,0,0,0,0,0,0,0,0,1368,0,1139,0,0,0,0,0,0,0,0,0,0,0,0,0,0,0,0,0,0,0,0,0,0,0,0,0,0,0,0,29240,0,0,3407,0,0,0,0,0,0,0,0,0,0,0,0,0,5047,0,0,0,0,0,0,0,0,0,32638,0,0,0,0,0,0,0
Shan State,Pinlaung,119907,101613,94905,84.74%,0,0,0,0,0,0,0,0,0,0,0,0,0,0,0,0,0,0,0,0,0,0,0,0,0,0,0,0,0,0,0,0,0,0,0,0,0,0,0,0,0,0,0,0,0,0,0,0,0,0,12692,0,0,0,0,0,0,0,69250,0,0,0,0,0,0,0,1185,7887,0,0,0,0,0,0,0,0,3891,0,0,0,0,0,0,0,0
Shan State,Pekon,57068,46123,44681,80.82%,0,0,0,0,0,0,0,0,0,0,0,0,0,0,0,0,0,0,0,0,0,0,0,0,0,0,0,0,0,0,0,0,5292,0,0,0,0,0,0,0,0,0,0,0,0,0,0,0,0,0,20475,0,0,0,0,0,0,0,0,0,0,0,0,0,0,0,0,3310,0,0,0,0,0,0,0,0,0,15604,0,0,0,0,0,0,0
Shan State,Loilen,84987,43188,36849,50.82%,0,0,0,0,0,0,0,0,0,0,0,0,0,0,0,0,0,0,0,0,0,472,338,0,0,0,0,0,0,0,0,0,0,0,0,0,0,0,0,0,0,0,0,0,0,0,0,0,0,0,6391,0,0,0,0,0,0,0,0,0,0,0,0,0,0,0,2341,10879,0,0,0,0,0,0,0,0,0,15925,503,0,0,0,0,0,0
Shan State,Nansang,76439,44083,38171,57.67%,0,0,0,0,0,0,0,0,0,0,0,0,0,0,0,0,0,0,0,0,0,0,0,0,0,0,0,0,0,0,0,0,0,0,0,0,0,0,0,0,0,0,0,0,0,0,0,0,0,0,8529,0,0,1030,0,0,0,0,0,0,0,0,0,0,0,0,2013,12388,0,0,0,0,0,0,0,0,0,14211,0,0,0,0,0,0,0
Shan State,Kunhing,38453,18914,15753,49.19%,0,0,0,0,0,0,0,0,0,0,0,0,0,0,0,0,0,0,0,0,0,0,0,0,0,0,0,0,0,0,0,0,0,0,0,0,0,0,0,0,0,0,0,0,0,0,0,0,0,0,1713,0,0,0,0,0,0,0,0,0,0,0,0,0,0,0,3791,7661,0,0,0,0,0,0,0,0,0,2588,0,0,0,0,0,0,0
Shan State,Laihka,35165,19023,16775,54.10%,0,0,0,0,0,0,0,0,0,0,0,0,0,0,0,0,0,0,0,0,0,0,0,0,0,0,0,0,0,0,0,0,0,0,0,0,0,0,0,0,0,0,0,0,0,0,0,0,0,0,872,0,0,0,0,0,0,0,0,0,0,0,0,0,0,0,1106,13051,0,0,0,0,0,0,0,0,0,1746,0,0,0,0,0,0,0
Shan State,Mongkaing,45731,20594,17431,45.03%,0,0,0,0,0,0,0,0,0,0,0,0,0,0,0,0,0,0,0,0,0,0,0,0,0,0,0,0,0,0,0,0,0,0,0,0,0,0,0,0,0,0,0,0,0,0,0,0,0,0,1942,0,0,0,0,0,0,0,0,0,0,0,0,0,0,0,960,12235,0,0,0,0,0,0,0,0,0,2294,0,0,0,0,0,0,0
Shan State,Langkho,37290,20467,18169,54.89%,0,0,0,0,0,0,0,0,0,0,0,0,0,0,0,0,0,0,0,0,0,0,0,0,0,0,0,0,0,0,0,0,0,0,0,0,0,0,0,0,0,0,0,0,0,0,0,0,0,0,2277,0,0,0,0,0,0,0,0,0,0,0,0,0,0,0,2730,9010,0,0,0,0,0,0,0,0,0,4152,0,0,0,0,0,0,0
Shan State,Mongnai,31197,17779,16326,56.99%,0,0,0,0,0,0,0,0,0,0,0,0,0,0,0,0,0,0,0,0,0,0,0,0,0,0,0,0,0,0,0,0,0,0,0,0,0,0,0,0,0,0,0,0,0,0,0,0,0,0,0,0,0,0,0,0,0,0,0,0,0,0,0,0,0,0,2459,9642,0,0,0,0,0,0,0,0,0,4225,0,0,0,0,0,0,0
Shan State,Mawkmai,22267,15386,12363,69.10%,0,0,0,0,0,0,0,0,0,0,0,0,0,0,0,0,0,0,0,0,0,0,0,0,0,0,0,0,0,0,0,0,0,0,0,0,0,0,0,0,0,0,0,0,0,0,0,0,0,0,2260,0,0,0,0,0,0,0,0,0,0,0,0,0,0,0,1096,3417,0,0,0,0,0,0,0,0,0,5590,0,0,0,0,0,0,0
Shan State,Mongpan,15961,10491,9377,65.73%,0,0,0,0,0,0,0,0,0,0,0,0,0,0,0,0,0,0,0,0,0,0,0,0,0,0,0,0,0,0,0,0,0,0,0,0,0,0,0,0,0,0,0,0,0,0,0,0,0,0,1256,0,0,0,0,0,0,0,0,0,0,0,0,0,0,0,3141,1527,0,0,0,0,0,0,0,0,0,3453,0,0,0,0,0,0,0
Shan State,Lashio,178977,98408,91463,54.98%,0,0,0,0,0,0,0,0,0,0,0,0,0,0,0,0,0,0,0,0,0,0,0,0,0,0,0,0,0,0,0,0,0,0,0,0,0,8893,0,1456,0,0,0,0,0,0,0,0,0,0,26726,0,0,0,0,0,0,0,0,0,0,0,0,0,0,0,6202,17277,0,0,0,0,0,0,0,0,0,30909,0,0,0,0,0,0,0
Shan State,Hseni,35284,24333,21895,68.96%,0,0,0,0,0,0,0,0,0,0,0,0,0,0,0,0,0,0,0,0,0,552,0,0,0,0,0,0,0,0,0,0,0,0,0,0,0,0,0,0,0,0,0,0,0,0,0,0,0,0,3972,0,0,0,0,0,0,0,0,0,0,0,0,0,0,0,2770,8483,0,0,0,0,0,0,0,0,0,6118,0,0,0,0,0,0,0
Shan State,Tangyan,105765,48239,41765,45.61%,0,0,0,0,0,0,0,0,0,0,0,0,0,0,0,0,0,0,0,0,0,0,0,0,0,0,0,0,0,0,0,0,0,0,0,0,0,0,1542,0,0,0,0,0,0,0,0,0,0,0,3776,0,0,0,0,0,0,0,0,0,0,0,0,0,0,0,2333,19749,0,0,0,0,0,0,0,0,0,11293,0,0,1119,1953,0,0,0
Shan State,Mongyai,39685,24713,20370,62.27%,0,0,0,0,0,0,0,0,0,0,0,0,0,0,0,0,0,0,0,0,0,0,0,0,0,0,0,0,0,0,0,0,0,0,0,0,0,0,0,0,0,0,0,0,0,0,0,0,0,0,1103,0,0,0,0,0,0,0,0,0,0,0,0,0,0,0,1988,14402,0,0,0,0,0,0,0,0,0,2877,0,0,0,0,0,0,0
Shan State,Kyaukme,128281,78239,73940,60.99%,0,0,0,0,0,0,0,0,0,0,0,0,0,0,0,0,0,0,0,0,0,0,0,0,0,0,0,0,0,0,0,0,0,0,0,0,0,0,0,0,0,0,0,0,0,0,0,0,0,0,13405,0,0,0,0,0,0,0,0,0,0,0,0,0,0,0,4248,38058,0,8752,0,0,0,0,0,0,0,9477,0,0,0,0,0,0,0
Shan State,Hsipaw,118585,76786,71893,64.75%,0,0,0,0,0,0,0,0,0,0,0,0,0,0,0,0,0,0,0,0,0,1731,0,0,0,0,0,0,0,0,0,0,0,0,0,0,0,0,0,0,0,0,0,0,0,0,0,0,0,0,9105,0,0,0,0,0,0,0,0,0,0,0,0,0,0,0,5042,47105,0,0,0,0,0,0,0,0,0,8910,0,0,0,0,0,0,0
Shan State,Nawnghkio,86961,69013,64454,79.36%,0,0,0,0,0,0,0,0,0,0,0,7274,0,0,0,0,0,0,0,0,0,0,0,0,0,0,0,0,0,0,0,0,0,0,0,0,0,0,0,0,0,0,0,0,0,0,0,0,0,0,21200,0,0,8343,0,0,0,0,0,430,0,0,0,0,0,0,4744,5913,0,0,0,0,0,0,0,0,0,16550,0,0,0,0,0,0,0
Shan State,Namtu,35508,24116,21492,67.92%,0,0,0,0,0,0,0,0,0,0,0,0,0,0,0,0,0,0,0,0,0,504,232,0,0,0,0,0,0,0,0,0,0,0,0,0,0,0,0,0,0,0,0,0,0,0,0,0,0,0,4942,0,0,0,0,0,0,0,0,0,0,0,0,0,0,0,1611,8180,0,2390,0,0,0,0,0,0,0,3633,0,0,0,0,0,0,0
Shan State,Mongmit,44224,33573,31197,75.92%,0,0,0,0,0,0,0,0,0,0,0,0,0,0,0,0,0,0,0,0,0,323,0,0,0,0,0,0,0,0,0,0,0,0,0,0,0,0,0,0,0,0,0,0,0,0,0,0,0,0,14607,0,0,1900,0,0,0,0,0,0,0,0,0,0,0,0,5915,3513,0,0,0,0,0,0,0,0,0,4939,0,0,0,0,0,0,0
Shan State,Mabein,25299,21674,19980,85.67%,0,0,0,0,0,0,0,0,0,0,0,0,0,0,0,0,0,0,0,0,0,874,0,0,0,0,0,0,0,0,0,0,0,0,0,0,0,0,0,0,0,0,0,0,0,0,0,0,0,0,12551,0,0,728,0,0,0,0,0,0,0,0,0,0,0,0,561,0,0,0,0,0,0,0,0,0,0,5266,0,0,0,0,0,0,0
Shan State,Namhsan,50880,33247,31041,65.34%,0,0,0,0,0,0,0,0,0,0,0,0,0,0,0,0,0,0,0,0,0,0,0,0,0,0,0,0,0,0,0,0,0,0,0,0,0,0,0,0,0,0,0,0,0,0,0,0,0,0,8327,0,0,0,0,0,0,0,0,0,0,0,0,0,0,0,0,0,0,20607,0,0,0,0,0,0,0,2107,0,0,0,0,0,0,0
Shan State,Manton,23277,13594,12554,58.40%,0,0,0,0,0,0,0,0,0,0,0,0,0,0,0,0,0,0,0,0,0,0,0,0,0,0,0,0,0,0,0,0,0,0,0,0,0,0,0,0,0,0,0,0,0,0,0,0,0,0,0,0,0,0,0,0,0,0,0,0,0,0,0,0,0,0,0,0,0,10443,0,0,0,0,0,0,0,2111,0,0,0,0,0,0,0
Shan State,Kunlong,32590,18842,17283,57.82%,0,0,0,0,0,0,0,0,0,0,0,0,0,0,0,0,0,0,0,0,0,0,0,0,0,0,0,0,0,0,0,0,0,0,0,0,0,5097,0,1399,0,0,0,0,0,0,0,0,0,0,3474,0,0,0,0,0,0,0,0,0,0,0,0,0,0,0,1135,0,365,0,0,0,0,0,0,0,0,5038,0,0,775,0,0,0,0
Shan State,Hopang ,17474,9889,8621,56.59%,0,0,0,0,0,0,0,0,0,0,0,0,0,0,0,0,0,0,0,0,0,371,0,0,0,0,0,0,0,0,0,0,0,0,0,0,0,0,0,0,0,0,0,0,0,0,0,0,0,0,0,0,0,0,0,0,0,0,0,0,0,0,0,0,0,0,481,449,0,0,0,0,0,0,0,0,0,0,0,0,6039,1281,0,0,0
Shan State,Muse,93121,52898,48707,56.81%,0,0,0,0,0,0,0,0,0,0,0,0,0,0,0,0,0,0,0,0,0,0,0,0,0,0,0,0,0,0,0,0,0,0,0,0,0,0,0,0,0,0,0,0,0,0,0,0,0,0,9093,0,0,0,0,0,0,0,0,0,0,0,0,0,0,0,3325,22294,0,5866,0,0,0,0,0,0,0,8129,0,0,0,0,0,0,0
Shan State,Namhkan,77311,59676,55489,77.19%,0,0,0,0,0,0,0,0,0,0,0,0,0,0,0,0,0,0,0,0,0,0,0,0,0,0,0,0,0,0,0,0,0,0,0,0,0,0,0,0,0,0,0,0,0,0,0,0,0,0,2578,0,0,0,0,0,0,0,0,0,0,0,0,0,0,0,12142,11842,0,20323,0,0,0,0,0,0,0,8604,0,0,0,0,0,0,0
Shan State,Kutkai,123897,63801,56018,51.50%,0,0,0,0,0,0,0,0,0,0,0,0,0,0,0,0,0,0,0,0,0,0,0,0,0,0,0,0,0,0,0,0,0,0,0,0,0,0,0,0,0,0,0,0,0,0,0,0,0,0,9661,0,0,0,0,0,0,0,0,0,0,0,0,0,0,0,2424,2507,0,16175,0,0,0,0,0,0,0,25251,0,0,0,0,0,0,0
Shan State,Laukkaing,28533,8944,8081,31.35%,0,0,0,0,0,0,0,0,0,0,0,0,0,0,0,0,0,0,0,0,0,0,0,0,0,0,0,0,0,0,0,0,0,0,0,0,0,0,0,0,0,0,0,0,0,0,0,0,0,0,0,0,0,0,0,0,0,0,0,0,0,0,0,0,0,0,0,0,887,0,0,0,0,0,0,0,0,7194,0,0,0,0,0,0,0
Shan State,Konkyan,18412,7082,6025,38.46%,0,0,0,0,0,0,0,0,0,0,0,0,0,0,0,0,0,0,0,0,0,0,0,0,0,0,0,0,0,0,0,0,0,0,0,0,0,0,0,0,0,0,0,0,0,0,0,0,0,0,0,0,0,0,0,0,0,0,0,0,0,0,0,0,0,0,0,0,819,0,0,0,0,0,0,0,0,5206,0,0,0,0,0,0,0
Shan State,Kengtung,112434,61463,50330,54.67%,0,2038,0,0,0,0,0,0,0,0,0,0,0,0,0,0,0,0,2272,0,0,564,0,0,0,0,0,0,0,0,0,0,0,0,0,0,0,0,1890,0,0,0,0,0,0,0,0,845,0,0,14837,1181,0,461,0,0,0,0,0,0,0,0,0,0,0,0,2320,3601,0,0,0,0,0,0,0,0,0,18987,0,0,0,1334,0,0,0
Shan State,Mongkhet,16481,6587,5987,39.97%,0,0,0,0,0,0,0,0,0,0,0,0,0,0,0,0,0,0,0,0,0,0,0,0,0,0,0,0,0,0,0,0,0,0,0,0,0,0,357,0,0,0,0,0,0,0,0,121,0,0,942,0,0,0,0,0,0,0,0,0,0,0,0,0,0,0,530,634,0,0,0,0,0,0,0,0,0,3403,0,0,0,0,0,0,0
Shan State,Mongyang,7903,4651,3955,58.85%,0,0,0,0,0,0,0,0,0,0,0,0,0,0,0,0,0,0,65,0,0,0,0,0,0,0,0,0,0,0,0,0,0,0,0,0,0,0,0,0,0,0,0,0,0,0,0,78,0,0,1053,0,0,0,0,0,0,0,0,0,0,0,0,0,0,0,329,317,0,0,0,0,0,0,0,0,0,2113,0,0,0,0,0,0,0
Shan State,Matman,10120,8317,7477,82.18%,0,0,0,0,0,0,0,0,0,0,0,0,0,0,0,0,0,0,0,0,0,4308,0,0,0,0,0,0,0,0,0,0,0,0,0,0,0,0,2489,0,0,0,0,0,0,0,0,0,0,0,0,0,0,0,0,0,0,0,0,0,0,0,0,0,0,0,0,0,0,0,0,0,0,0,0,0,0,0,0,0,283,397,0,0,0
Shan State,Monghsat,40697,30542,26328,75.05%,0,0,0,0,0,0,0,0,0,0,0,0,0,0,0,0,0,0,0,0,0,0,0,0,0,0,0,0,0,0,0,0,0,0,0,0,0,0,4627,0,0,0,0,0,0,0,0,0,0,0,2657,0,0,424,0,0,0,0,0,0,0,0,0,0,0,0,1645,1304,0,0,0,0,0,0,0,0,0,8876,0,0,0,6795,0,0,0
Shan State,Mongping,35729,23266,19279,65.12%,0,0,0,0,0,0,0,0,0,0,0,0,0,0,0,0,0,0,0,0,0,0,0,0,0,0,0,0,0,0,0,0,0,0,0,0,0,0,2571,0,0,0,0,0,0,0,0,197,0,0,3020,0,0,766,0,0,0,0,0,0,0,0,0,0,0,0,1577,3568,0,0,0,0,0,0,0,0,0,7580,0,0,0,0,0,0,0
Shan State,Mongton,30912,23204,19706,75.06%,0,0,0,0,0,0,0,0,0,0,0,0,0,0,0,0,0,0,0,0,0,0,0,0,0,0,0,0,0,0,0,0,0,0,0,0,0,0,2007,0,0,0,0,0,0,0,0,0,0,0,8040,0,0,0,0,0,0,0,0,0,0,0,0,0,0,0,763,3374,0,0,0,0,0,0,0,0,0,5522,0,0,0,0,0,0,0
Shan State,Tachileik,109827,67542,60560,61.50%,0,0,0,0,0,0,0,0,0,0,0,0,0,0,0,0,0,0,0,0,0,0,0,0,0,0,0,0,0,0,0,0,0,0,0,0,0,0,2999,0,0,0,0,0,0,0,0,1657,0,0,30040,0,0,1629,0,0,0,0,0,0,0,0,0,0,0,0,6394,6925,0,0,0,0,0,0,0,0,0,10916,0,0,0,0,0,0,0
Shan State,Moghpyak,19516,15062,13143,77.18%,0,0,0,0,0,0,0,0,0,0,0,0,0,0,0,0,0,0,0,0,0,0,0,0,0,0,0,0,0,0,0,0,0,0,0,0,0,0,1506,0,0,0,0,0,0,0,0,114,0,0,3678,0,0,212,0,0,0,0,0,0,0,0,0,0,0,0,1764,416,0,0,0,0,0,0,0,0,0,5453,0,0,0,0,0,0,0
Shan State,Mongyawng,25024,18979,16709,75.84%,0,0,0,0,0,0,0,0,0,0,0,0,0,0,0,0,0,0,0,0,0,0,0,0,0,0,0,0,0,0,0,0,0,0,0,0,0,0,0,0,0,0,0,0,0,0,0,323,0,0,7477,0,0,1267,0,0,0,0,0,0,0,0,0,0,0,0,1744,1277,0,0,0,0,0,0,0,0,0,4621,0,0,0,0,0,0,0
Ayeyarwady Region,Pathein,244172,180803,172038,74.05%,0,0,0,0,0,0,0,0,0,0,0,0,0,0,0,0,1572,809,0,0,0,1799,0,0,0,0,0,0,0,0,0,0,0,0,4468,0,0,0,0,0,0,0,0,0,0,1032,0,0,0,1558,96428,824,0,1797,0,0,0,0,0,0,2398,0,0,0,0,0,0,0,0,0,0,0,0,0,0,0,0,59353,0,0,0,0,0,0,0
Ayeyarwady Region,Kangyidaunt,123585,101769,94031,82.35%,0,0,0,0,0,0,0,0,0,0,0,0,0,0,0,0,0,0,0,0,0,0,0,0,0,0,0,0,0,0,0,0,0,0,5180,0,0,0,0,0,0,0,0,0,0,3250,0,0,0,0,46909,0,0,1956,0,0,0,0,0,0,0,0,0,0,0,0,0,0,0,0,0,0,0,0,0,0,0,36736,0,0,0,0,0,0,0
Ayeyarwady Region,Thabaung,106030,87419,77662,82.45%,0,0,0,0,0,0,0,0,0,0,0,0,0,0,0,0,0,0,0,0,0,0,0,0,0,0,0,0,0,0,0,0,0,0,0,0,0,0,0,0,0,0,0,0,0,2941,0,0,0,0,41291,0,0,4221,0,0,0,0,0,0,0,0,0,0,0,0,0,0,0,0,0,0,0,0,0,0,0,29209,0,0,0,0,0,0,0
Ayeyarwady Region,Ngapudaw,221453,155832,145043,70.37%,0,0,0,0,0,0,0,0,0,0,0,0,0,0,0,0,0,0,0,0,0,0,0,0,0,0,0,0,0,0,0,0,0,0,6202,0,0,0,0,0,0,0,0,0,0,2812,0,0,0,2019,68844,0,0,3718,0,0,0,0,0,0,0,0,0,0,0,0,0,0,0,0,0,0,0,0,0,0,0,61448,0,0,0,0,0,0,0
Ayeyarwady Region,Kyonpyaw,176258,139127,130281,78.93%,0,0,0,0,0,0,0,0,0,0,0,0,0,0,0,0,0,0,0,0,0,364,0,0,0,0,0,0,0,0,0,0,0,0,3547,0,0,0,0,0,0,0,0,0,0,1228,0,1236,0,3550,78593,0,0,877,0,0,0,0,0,227,2457,0,0,0,0,0,0,0,0,0,0,0,0,0,0,0,0,38202,0,0,0,0,0,0,0
Ayeyarwady Region,Yegyi,146400,111963,104997,76.48%,0,0,0,0,0,0,0,0,0,0,0,0,0,0,0,0,0,1398,0,0,0,0,0,0,0,0,0,0,0,0,0,0,0,0,0,0,0,0,0,0,0,0,0,0,0,1939,0,701,0,1432,65315,0,0,1710,0,0,0,0,0,0,0,0,0,0,0,0,0,0,0,0,0,0,0,0,0,0,0,32502,0,0,0,0,0,0,0
Ayeyarwady Region,Kyaunggon,116972,96630,88549,82.61%,0,0,0,0,0,0,0,0,0,0,0,0,0,0,0,0,0,0,0,0,0,0,0,0,0,0,0,0,0,0,1558,0,0,0,2533,0,0,0,0,0,0,0,0,0,0,3082,0,0,0,1709,39634,0,0,0,0,0,0,0,0,0,0,0,0,0,0,0,0,0,0,0,0,0,0,0,0,0,0,40033,0,0,0,0,0,0,0
Ayeyarwady Region,Hinthada,257948,201151,190851,77.98%,0,0,0,0,0,0,0,0,0,0,0,0,0,0,0,0,0,0,0,0,0,0,0,0,0,0,0,0,0,0,0,0,0,0,0,0,0,0,0,0,0,0,0,0,0,3038,0,0,0,3780,114163,0,0,2672,0,0,0,0,0,0,0,0,0,0,0,0,0,0,0,0,0,0,0,0,0,0,0,67198,0,0,0,0,0,0,0
Ayeyarwady Region,Zalun,123993,101109,93038,81.54%,0,0,0,0,0,0,0,0,0,0,0,0,0,0,0,0,0,0,0,0,0,0,0,0,0,0,0,0,0,0,0,0,0,0,0,0,0,0,0,0,0,0,0,0,0,1963,0,0,0,0,52956,0,0,2921,0,0,0,0,0,0,0,0,0,0,0,0,0,0,0,0,0,0,0,0,0,0,0,35198,0,0,0,0,0,0,0
Ayeyarwady Region,Lemyethna,75728,67060,60068,88.55%,0,0,0,0,0,0,0,0,0,0,0,0,0,0,0,0,0,0,0,0,0,0,0,0,0,0,0,0,0,0,0,0,0,0,0,0,0,0,0,0,0,0,0,0,0,1676,0,0,0,0,34312,0,0,1130,0,0,0,0,0,0,0,0,0,0,0,0,0,0,0,0,0,0,0,0,0,0,0,22950,0,0,0,0,0,0,0
Ayeyarwady Region,Myanaung,165667,125898,118605,75.99%,0,0,0,0,0,0,0,0,0,0,0,0,0,0,0,0,0,0,0,0,0,0,0,0,0,0,0,0,0,0,0,0,0,0,0,0,0,0,0,0,0,0,0,0,0,1779,0,0,0,2522,75588,0,0,0,0,0,0,0,0,0,0,0,0,0,0,0,0,0,0,0,0,0,0,0,0,0,0,38716,0,0,0,0,0,0,0
Ayeyarwady Region,Kyangin,75993,60607,57290,79.75%,0,0,0,0,0,0,0,0,0,0,0,0,0,0,0,0,0,0,0,0,0,0,0,0,0,0,0,0,0,0,0,0,0,0,0,0,0,0,0,0,0,0,0,0,0,1201,0,0,0,0,39096,0,0,2713,0,0,0,0,0,0,0,0,0,0,0,0,0,0,0,0,0,0,0,0,0,0,0,14280,0,0,0,0,0,0,0
Ayeyarwady Region,Ingapu,157517,129352,118160,82.12%,0,0,0,0,0,0,0,0,0,0,0,0,0,0,0,0,0,0,0,0,0,0,0,0,0,0,0,0,0,0,0,0,0,0,0,0,0,0,0,0,0,0,0,0,0,3842,0,0,0,0,62819,0,0,0,0,0,0,0,0,0,0,0,0,0,0,0,0,0,0,0,0,0,0,0,0,0,0,51499,0,0,0,0,0,0,0
Ayeyarwady Region,Myaungmya,209390,162499,154007,77.61%,0,0,0,0,0,0,0,0,0,0,0,0,0,0,0,0,0,0,0,0,0,0,0,0,0,0,0,0,0,0,0,0,0,0,6241,0,0,0,0,0,0,0,0,0,0,1737,0,1097,0,0,81147,0,0,0,0,0,0,0,0,0,0,0,0,0,0,0,0,0,0,0,0,0,0,0,0,0,0,63785,0,0,0,0,0,0,0
Ayeyarwady Region,Einme,139080,103829,93779,74.65%,0,0,0,0,0,0,0,0,0,0,0,0,0,0,0,0,0,0,0,0,0,0,0,0,0,0,0,0,0,0,2933,0,0,0,4741,0,0,0,0,0,0,0,0,0,0,3522,0,0,0,0,39428,0,0,5754,0,0,0,0,0,0,0,0,0,0,0,0,0,0,0,0,0,0,0,0,0,0,0,37401,0,0,0,0,0,0,0
Ayeyarwady Region,Wakema,210347,144539,144387,68.71%,0,0,0,0,0,0,0,0,0,0,0,0,0,0,0,0,0,0,0,0,0,0,0,0,0,0,0,0,0,0,0,0,0,0,7510,0,0,0,0,0,0,1803,0,0,0,5771,0,0,0,0,67020,0,0,8265,0,0,0,0,0,0,0,0,0,0,0,0,0,0,0,0,0,0,0,0,0,0,0,54018,0,0,0,0,0,0,0
Ayeyarwady Region,Labutta,212052,147300,133848,69.46%,0,0,0,0,0,0,0,0,0,0,0,0,0,0,0,0,0,0,0,0,0,0,0,0,0,0,0,0,0,0,0,0,0,0,2532,0,0,0,0,0,0,0,0,0,0,3697,0,0,0,0,77165,0,0,4892,0,0,0,0,0,0,0,0,0,0,0,0,0,0,0,0,0,0,0,0,0,0,0,45562,0,0,0,0,0,0,0
Ayeyarwady Region,Mawlamyinegyun,214747,156059,143704,72.67%,0,0,0,0,0,0,0,0,0,0,0,0,0,0,0,0,0,0,0,778,0,0,0,0,0,0,0,0,0,0,0,0,0,0,2836,0,0,0,0,0,0,1104,0,0,0,0,0,0,0,4582,67066,0,0,4234,0,0,0,0,0,0,0,0,0,0,0,0,0,0,0,0,0,0,0,0,0,0,0,63104,0,0,0,0,0,0,0
Ayeyarwady Region,Maubin,222759,174334,164183,78.26%,0,0,0,0,0,0,0,0,0,0,0,0,0,0,0,0,0,0,0,0,0,0,0,0,0,0,0,0,0,0,0,0,0,0,0,0,0,0,0,0,0,1495,0,0,0,0,0,0,0,2966,82118,0,0,1712,0,0,0,0,0,0,0,0,0,0,0,0,0,0,0,0,0,0,0,0,0,0,0,75892,0,0,0,0,0,0,0
Ayeyarwady Region,Pantanaw,179808,142147,133393,79.05%,0,0,0,0,0,0,0,0,0,0,0,0,0,0,0,0,0,0,0,0,0,1677,0,0,0,0,0,0,0,0,3388,0,0,0,3263,0,0,0,0,0,0,0,0,0,0,3096,0,0,0,0,62780,0,0,4530,0,0,0,0,0,0,0,0,0,0,0,0,0,0,0,0,0,0,0,0,0,0,0,53501,1158,0,0,0,0,0,0
Ayeyarwady Region,Nyaungdon,151805,128266,119812,84.49%,0,0,0,0,0,0,0,0,0,0,0,0,0,0,0,0,0,0,0,0,0,0,0,0,0,0,0,0,0,0,0,0,0,0,1402,0,0,0,0,0,0,0,0,0,0,0,0,0,0,3350,73777,0,0,2494,0,0,0,0,0,0,0,0,0,0,0,0,0,0,0,0,0,0,0,0,0,0,0,38789,0,0,0,0,0,0,0
Ayeyarwady Region,Danubyu,139973,109492,102389,78.22%,0,0,0,0,0,0,0,0,0,0,0,0,0,0,0,0,0,0,0,0,0,0,0,0,0,0,0,0,0,0,0,0,0,0,0,0,0,0,0,0,0,0,0,0,0,2540,0,0,0,0,62850,0,0,4011,0,0,0,0,0,0,0,0,0,0,0,0,0,0,0,0,0,0,0,0,0,0,0,32988,0,0,0,0,0,0,0
Ayeyarwady Region,Pyapon,203976,135441,127721,66.40%,0,0,0,0,0,0,0,0,0,0,0,0,0,0,0,0,0,0,0,0,0,1262,0,0,0,0,0,0,0,0,0,0,0,0,0,0,0,0,0,0,0,0,0,0,0,2214,0,0,0,1667,72369,0,0,2639,0,0,0,0,0,0,0,0,0,0,0,0,0,0,0,0,0,0,0,0,0,0,0,47570,0,0,0,0,0,0,0
Ayeyarwady Region,Bogale,216113,146910,135061,67.98%,0,0,0,0,0,0,0,0,0,0,0,0,0,0,0,0,0,0,0,0,0,0,0,0,0,0,0,0,0,0,0,0,0,0,0,0,0,0,0,0,0,1655,0,0,0,3403,0,4015,0,2393,61763,0,0,5612,0,0,0,0,0,0,0,0,0,0,0,0,0,0,0,0,0,0,0,0,0,0,0,56220,0,0,0,0,0,0,0
Ayeyarwady Region,Kyaiklat,147060,104155,95854,70.82%,0,0,0,0,0,0,0,0,0,0,0,0,0,0,0,0,3454,0,0,0,0,0,0,0,0,0,0,0,0,0,0,0,0,0,2648,0,0,0,0,0,0,0,0,0,0,1758,0,887,0,1719,48984,0,0,1870,0,0,0,0,0,0,0,0,0,0,0,0,0,0,0,0,0,0,0,0,0,0,0,34534,0,0,0,0,0,0,0
Ayeyarwady Region,Dedaye,164792,108922,101458,66.10%,0,0,0,0,0,0,0,0,0,0,0,0,0,0,0,0,0,0,0,0,0,3305,0,0,0,0,0,0,0,0,0,0,0,0,508,0,0,0,0,0,0,464,0,0,0,2625,0,0,0,0,61231,0,0,1810,0,0,0,0,0,0,0,0,0,0,0,0,0,0,0,0,0,0,0,0,0,0,0,31515,0,0,0,0,0,0,0
